-- MySQL dump 10.17  Distrib 10.3.15-MariaDB, for Win64 (AMD64)
--
-- Host: localhost    Database: fund
-- ------------------------------------------------------
-- Server version	10.3.15-MariaDB

/*!40101 SET @OLD_CHARACTER_SET_CLIENT=@@CHARACTER_SET_CLIENT */;
/*!40101 SET @OLD_CHARACTER_SET_RESULTS=@@CHARACTER_SET_RESULTS */;
/*!40101 SET @OLD_COLLATION_CONNECTION=@@COLLATION_CONNECTION */;
/*!40101 SET NAMES utf8mb4 */;
/*!40103 SET @OLD_TIME_ZONE=@@TIME_ZONE */;
/*!40103 SET TIME_ZONE='+00:00' */;
/*!40014 SET @OLD_UNIQUE_CHECKS=@@UNIQUE_CHECKS, UNIQUE_CHECKS=0 */;
/*!40014 SET @OLD_FOREIGN_KEY_CHECKS=@@FOREIGN_KEY_CHECKS, FOREIGN_KEY_CHECKS=0 */;
/*!40101 SET @OLD_SQL_MODE=@@SQL_MODE, SQL_MODE='NO_AUTO_VALUE_ON_ZERO' */;
/*!40111 SET @OLD_SQL_NOTES=@@SQL_NOTES, SQL_NOTES=0 */;

--
-- Table structure for table `advisory_answers`
--

DROP TABLE IF EXISTS `advisory_answers`;
/*!40101 SET @saved_cs_client     = @@character_set_client */;
/*!40101 SET character_set_client = utf8 */;
CREATE TABLE `advisory_answers` (
  `id` bigint(20) NOT NULL AUTO_INCREMENT,
  `advisory_id` int(11) NOT NULL,
  `answer_id` varchar(300) COLLATE utf8_unicode_ci NOT NULL,
  `title` varchar(255) CHARACTER SET utf8mb4 NOT NULL,
  `content` varchar(1000) COLLATE utf8_unicode_ci NOT NULL,
  `created_user_id` varchar(20) COLLATE utf8_unicode_ci NOT NULL DEFAULT '',
  `created_at` timestamp NULL DEFAULT NULL,
  `updated_user_id` varchar(20) COLLATE utf8_unicode_ci NOT NULL DEFAULT '',
  `updated_at` timestamp NULL DEFAULT NULL,
  `deleted_at` timestamp NULL DEFAULT NULL,
  `insertpointoftime` timestamp NOT NULL DEFAULT current_timestamp(),
  PRIMARY KEY (`id`)
) ENGINE=InnoDB AUTO_INCREMENT=4 DEFAULT CHARSET=utf8 COLLATE=utf8_unicode_ci;
/*!40101 SET character_set_client = @saved_cs_client */;

--
-- Dumping data for table `advisory_answers`
--

LOCK TABLES `advisory_answers` WRITE;
/*!40000 ALTER TABLE `advisory_answers` DISABLE KEYS */;
INSERT INTO `advisory_answers` VALUES (1,1,'1','14 Bí Mật Gia Tăng Tài Chính Mỗi Ngày','Đây là câu trả lời','1','2020-04-06 10:00:24','1','2020-04-06 10:00:24',NULL,'2020-04-06 10:00:24'),(2,2,'1','Lams Fund trả lời','Bước 1: Quá khứ nắm giữ chìa khóa của tương lai tài chính của bạn như thế nào?\r\nBước 2: Đối mặt với nỗi sợ hãi và tạo ra sự thật.\r\nBước 3: Hãy thành thật với chính mình.\r\nBước 4: Chịu trách nhiệm cho những gì bạn yêu thương\r\nBước 5: Tôn trọng bản thân bạn và cả tiền của bạn.\r\nBước 6: Tin tưởng bản thân hơn tin người khác.\r\nBước 7: Cởi mở đón nhận tất cả những gì thuộc về bạn.\r\nBước 8: Hiểu được dòng chảy trong chu kỳ của tiền bạc.\r\nBước 9: Nhận ra sự giàu có đích thực','1','2020-04-06 10:15:25','1','2020-04-06 10:15:25',NULL,'2020-04-06 10:15:25'),(3,6,'1','Fund: giải đáp yêu cầu ở website','nhập các thông tin cơ bản để đăng ký hoặc liên hệ hotline','1','2020-04-17 08:58:22','1','2020-04-17 08:58:22',NULL,'2020-04-17 08:58:22');
/*!40000 ALTER TABLE `advisory_answers` ENABLE KEYS */;
UNLOCK TABLES;

--
-- Table structure for table `advisorys`
--

DROP TABLE IF EXISTS `advisorys`;
/*!40101 SET @saved_cs_client     = @@character_set_client */;
/*!40101 SET character_set_client = utf8 */;
CREATE TABLE `advisorys` (
  `id` bigint(20) NOT NULL AUTO_INCREMENT,
  `fullname` varchar(300) COLLATE utf8_unicode_ci NOT NULL,
  `email` varchar(100) COLLATE utf8_unicode_ci NOT NULL DEFAULT '',
  `phone` varchar(20) COLLATE utf8_unicode_ci DEFAULT NULL,
  `titleadvisory` varchar(300) COLLATE utf8_unicode_ci NOT NULL,
  `contentadvisory` varchar(1000) COLLATE utf8_unicode_ci NOT NULL,
  `priority` int(11) DEFAULT NULL,
  `type` int(11) DEFAULT NULL,
  `status` varchar(20) COLLATE utf8_unicode_ci DEFAULT NULL,
  `created_user_id` varchar(20) COLLATE utf8_unicode_ci DEFAULT NULL,
  `created_at` timestamp NULL DEFAULT NULL,
  `updated_user_id` varchar(20) COLLATE utf8_unicode_ci DEFAULT NULL,
  `updated_at` timestamp NULL DEFAULT NULL,
  `deleted_at` timestamp NULL DEFAULT NULL,
  `insertpointoftime` timestamp NOT NULL DEFAULT current_timestamp(),
  PRIMARY KEY (`id`)
) ENGINE=InnoDB AUTO_INCREMENT=8 DEFAULT CHARSET=utf8 COLLATE=utf8_unicode_ci;
/*!40101 SET character_set_client = @saved_cs_client */;

--
-- Dumping data for table `advisorys`
--

LOCK TABLES `advisorys` WRITE;
/*!40000 ALTER TABLE `advisorys` DISABLE KEYS */;
INSERT INTO `advisorys` VALUES (1,'Nguyễn Quyên','it5@lamians.com','03555555555','Cần gíúp đỡ','Tiền không phải là chìa khóa vạn năng. Nhưng không có tiền thì \"vạn vật bất năng\".\r\n? Làm thế nào để luôn rủng rỉnh tiền trong túi?\r\nMột là tiết kiệm nhiều hơn, hai là phải kiếm được nhiều tiền hơn. Bạn đã chọn cách nào? Bạn chưa có câu trả lời hoặc đã làm mà chưa thực sự hiệu quả?\r\n\r\n?14 bí mật CHƯA TỪNG được BẬT MÍ, hé lộ phương pháp gia tăng tài chính bằng cách tập trung vào việc quản lý các khoản chi phí hàng tháng một cách thông minh, xoay quanh 3 trọng tâm lớn:\r\n? Lập kế hoạch Thu - Chi hiệu quả.\r\n? Tối giản ngưỡng chi phí cuộc sống: tối ưu hóa chi phí và sống đơn giản.\r\n? Quản lý kế hoạch & gửi tiền tiết kiệm hàng tháng.',1,1,'1','13','2020-04-06 09:54:28','13','2020-04-06 10:00:24',NULL,'2020-04-06 09:54:28'),(2,'Quyên Test','it5@lamians.com','03745703333','Cần hỗ trợ tư vấn','1.  \"Lớp Học Về Tiền\'\' là cuốn sách làm thay đổi lớn về quan điểm sử dụng tiền bạc.\r\n\r\nCốt lõi trong thông điệp của bà là truyền cảm hứng để tái lập một Giấc mơ Mỹ dựa trên lòng chính trực và “niềm tin vào bản thân”.\r\n\r\n Bạn sẽ được trải nghiệm: Lớp học 1: Giấc mơ Mỹ (mới); Lớp học 2: Chấp nhận sự thật về bản thân; Lớp học 3: Gia đình; Lớp học 4: Nhà cửa; Lớp học 5: Sự nghiệp; Lớp học 6: Lập kế hoạch nghỉ hưu khi bắt đầu bước vào độ tuổi 20 & 30; Lớp học 7: Kế hoạch nghỉ hưu - Điều chỉnh kế hoạch nghỉ hưu vào độ tuổi 40 & 50; Lớp học 8: Cuộc sống hưu trí; Lớp học 9: Bài học cuối cùng\r\n\r\nNổi tiếng với phong cách kết hợp giữa hiểu biết và hài hước, Orman trang bị cho người đọc những lời khuyên kịp thời, mạnh mẽ và thường rất đáng ngạc nhiên cho mục tiêu nắm bắt một chuỗi những nguyên tắc tài chính quan trọng nhất: đó là hiểu biết về thị trường bất động sản, nâng cao nhận thức tài chính cho con trẻ, các khoản vay đại học, các khoản tiết kiệm và đầu tư, kế hoạch nghỉ hưu; và hơn thế nữa.',2,0,'1','13','2020-04-06 10:14:35','13','2020-04-06 10:15:25',NULL,'2020-04-06 10:14:35'),(3,'Quyen Test','it9@lamians.com','0384555555','Test xử lý','\"Giải mã\" là một trong số ít các cuốn sách có thể chạm đến sự quan tâm của tất cả các nhóm độc giả, từ doanh nghiệp, nhà đầu tư cho đến gia đình. Đây thực sự là một con đường tắt để các doanh nhân có thể nhận thức được đặc thù của môi trường kinh tế Việt Nam và áp dụng các nguyên tắc tư duy vào hoạt động quản lý doanh nghiệp. Trong “Giao dịch lớn 2.0”, sự giảng giải sắc bén của Peter Pham về những thách thức mà kỹ thuật phân tích truyền thống đang gặp phải là phần hay nhất mà tôi từng đọc (theo Brent Penfold, nhà giao dịch – chuyên gia tư vấn của indextrader.com.au; tác giả cuốn “The Universal Principles of Successful Trading”). Đây là cuốn sách dễ đọc và phải đọc với mọi nhà giao dịch.',NULL,NULL,'0','13','2020-04-08 12:15:02','13','2020-04-08 12:15:02',NULL,'2020-04-08 12:15:02'),(4,'Phan Công 2','it4@lamians.com','214214','Hi BPS','Ho tro KH test web',NULL,0,'0',NULL,'2020-04-17 08:46:53',NULL,'2020-04-17 08:46:53',NULL,'2020-04-17 08:46:53'),(5,'Phan Công 2','it4@lamians.com','32325','Hi LAMs','Ho tro test login',NULL,1,'0','4','2020-04-17 08:47:59','4','2020-04-17 08:47:59',NULL,'2020-04-17 08:47:59'),(6,'Quyen Test','dichvunph@gmail.com','0384814068','Cần gíúp đỡ đăng ký tài khỏan','Lorem ipsum dolor sit amet, consectetur adipiscing elit, sed do eiusmod tempor incididunt ut labore et dolore magna aliqua. Quis ipsum suspendisse ultrices gravida. Risus commodo viverra maecenas accumsan lacus vel facilisis. Lorem ipsum dolor sit amet, consectetur adipiscing elit, sed do eiusmod tempor incididunt ut labore et dolore magna aliqua.',NULL,0,'1','13','2020-04-17 08:55:35','13','2020-04-17 08:58:22',NULL,'2020-04-17 08:55:35'),(7,'Quyen Test 3','it5@lamians.com','0384813332','Test thông báo yêu cầu từ web','Nếu khách hàng có nhu cầu tư vấn gia tăng dòng tiền cá nhân, xin vui lòng liên hệ vói chúng tôi qua các thông tin sau đây.\r\n\r\nĐịa chỉ: L4-42.OT05 (Officetel) , Tòa Landmark 4 Vinhomes Central Park, Số 720A Điện Biên Phủ, Phường 22, Quận Bình Thạnh, TP.HCM\r\nSố điện thoại: 028.3636.4405 – 08.4966.4005 (Zalo/Viper/Skype)\r\nEmail: info@lamians.com\r\nHoặc gửi thông tin cho chúng tôi để chúng tôi chủ động liên hệ đặt hẹn tư vấn cho bạn:',NULL,0,'0','13','2020-04-17 09:47:26','13','2020-04-17 09:47:26',NULL,'2020-04-17 09:47:26');
/*!40000 ALTER TABLE `advisorys` ENABLE KEYS */;
UNLOCK TABLES;

--
-- Table structure for table `careers`
--

DROP TABLE IF EXISTS `careers`;
/*!40101 SET @saved_cs_client     = @@character_set_client */;
/*!40101 SET character_set_client = utf8 */;
CREATE TABLE `careers` (
  `id` int(11) NOT NULL AUTO_INCREMENT,
  `name` varchar(255) NOT NULL,
  PRIMARY KEY (`id`)
) ENGINE=InnoDB DEFAULT CHARSET=utf8mb4;
/*!40101 SET character_set_client = @saved_cs_client */;

--
-- Dumping data for table `careers`
--

LOCK TABLES `careers` WRITE;
/*!40000 ALTER TABLE `careers` DISABLE KEYS */;
/*!40000 ALTER TABLE `careers` ENABLE KEYS */;
UNLOCK TABLES;

--
-- Table structure for table `cash_accounts`
--

DROP TABLE IF EXISTS `cash_accounts`;
/*!40101 SET @saved_cs_client     = @@character_set_client */;
/*!40101 SET character_set_client = utf8 */;
CREATE TABLE `cash_accounts` (
  `id` bigint(20) NOT NULL AUTO_INCREMENT,
  `customer_id` int(20) NOT NULL,
  `accountno` varchar(50) COLLATE utf8_unicode_ci NOT NULL DEFAULT '',
  `accountdate` date NOT NULL DEFAULT '0000-00-00',
  `accountstatustype` varchar(10) COLLATE utf8_unicode_ci DEFAULT NULL,
  `currency` varchar(20) COLLATE utf8_unicode_ci DEFAULT NULL,
  `amount` int(20) NOT NULL,
  `description` varchar(500) COLLATE utf8_unicode_ci DEFAULT NULL,
  `finish` varchar(5) COLLATE utf8_unicode_ci DEFAULT NULL,
  `finishdate` date DEFAULT NULL,
  `created_user_id` varchar(20) COLLATE utf8_unicode_ci NOT NULL DEFAULT '',
  `created_at` timestamp NOT NULL DEFAULT '0000-00-00 00:00:00',
  `updated_user_id` varchar(20) COLLATE utf8_unicode_ci NOT NULL DEFAULT '',
  `updated_at` timestamp NOT NULL DEFAULT '0000-00-00 00:00:00',
  `deleted_at` timestamp NULL DEFAULT NULL,
  `insertpointoftime` timestamp NOT NULL DEFAULT current_timestamp(),
  PRIMARY KEY (`id`)
) ENGINE=InnoDB AUTO_INCREMENT=11 DEFAULT CHARSET=utf8 COLLATE=utf8_unicode_ci;
/*!40101 SET character_set_client = @saved_cs_client */;

--
-- Dumping data for table `cash_accounts`
--

LOCK TABLES `cash_accounts` WRITE;
/*!40000 ALTER TABLE `cash_accounts` DISABLE KEYS */;
INSERT INTO `cash_accounts` VALUES (1,21,'Ví A','2020-03-10','0','VND',10000000,NULL,NULL,NULL,'13','2020-03-10 06:45:44','13','2020-03-10 06:45:44',NULL,'2020-03-10 06:45:44'),(2,1,'Tiền hàng tháng','2020-03-13','0','VND',20000000,NULL,NULL,NULL,'2','2020-03-13 09:07:56','2','2020-04-29 02:36:37',NULL,'2020-03-13 09:07:56'),(3,1,'Tiết kiệm','2020-03-17','0','VND',44444,NULL,NULL,NULL,'2','2020-03-17 02:42:24','2','2020-04-29 02:36:48',NULL,'2020-03-17 02:42:24'),(4,19,'Ví tháng','2020-04-06','0','VND',5000000,'tiền sử dụng trong tháng',NULL,NULL,'13','2020-04-06 13:43:44','13','2020-04-28 08:29:44',NULL,'2020-04-06 13:43:44'),(5,2,'Tài khoản VCB','2020-04-16','0','VND',50000000,NULL,NULL,NULL,'3','2020-04-16 10:17:43','3','2020-04-16 10:17:43',NULL,'2020-04-16 10:17:43'),(6,19,'Tiết kiệm','2020-04-28','0','VND',0,NULL,NULL,NULL,'13','2020-04-28 08:15:26','13','2020-04-28 08:15:26',NULL,'2020-04-28 08:15:26'),(7,19,'Thẻ tín dụng VCB','2020-03-28','0','VND',1000000,NULL,NULL,NULL,'13','2020-04-28 08:27:58','13','2020-04-28 08:45:28',NULL,'2020-04-28 08:27:58'),(8,19,'Quỹ nhà','2020-04-28','0','VND',0,NULL,NULL,NULL,'13','2020-04-28 08:30:55','13','2020-04-28 08:31:07','2020-04-28 08:31:07','2020-04-28 08:30:55'),(9,26,'0123456','2020-05-06','0','VND',5000000,NULL,NULL,NULL,'15','2020-05-06 09:07:52','15','2020-05-06 09:07:52',NULL,'2020-05-06 09:07:52'),(10,19,'oooook,mkm','2020-06-04','0','VND',89900000,NULL,NULL,NULL,'13','2020-06-04 09:25:35','13','2020-06-04 09:25:35',NULL,'2020-06-04 09:25:35');
/*!40000 ALTER TABLE `cash_accounts` ENABLE KEYS */;
UNLOCK TABLES;

--
-- Table structure for table `cash_assets`
--

DROP TABLE IF EXISTS `cash_assets`;
/*!40101 SET @saved_cs_client     = @@character_set_client */;
/*!40101 SET character_set_client = utf8 */;
CREATE TABLE `cash_assets` (
  `id` bigint(20) NOT NULL AUTO_INCREMENT,
  `customer_id` int(20) NOT NULL,
  `assetname` varchar(500) COLLATE utf8_unicode_ci NOT NULL DEFAULT '',
  `assettype` varchar(10) COLLATE utf8_unicode_ci DEFAULT NULL,
  `assetdate` date NOT NULL DEFAULT '0000-00-00',
  `assetstatustype` varchar(10) COLLATE utf8_unicode_ci DEFAULT NULL,
  `currency` varchar(20) COLLATE utf8_unicode_ci DEFAULT NULL,
  `amount` int(20) NOT NULL,
  `description` varchar(500) COLLATE utf8_unicode_ci DEFAULT NULL,
  `created_user_id` varchar(20) COLLATE utf8_unicode_ci NOT NULL DEFAULT '',
  `created_at` timestamp NOT NULL DEFAULT '0000-00-00 00:00:00',
  `updated_user_id` varchar(20) COLLATE utf8_unicode_ci NOT NULL DEFAULT '',
  `updated_at` timestamp NOT NULL DEFAULT '0000-00-00 00:00:00',
  `deleted_at` timestamp NULL DEFAULT NULL,
  `insertpointoftime` timestamp NOT NULL DEFAULT current_timestamp(),
  PRIMARY KEY (`id`)
) ENGINE=InnoDB AUTO_INCREMENT=8 DEFAULT CHARSET=utf8 COLLATE=utf8_unicode_ci;
/*!40101 SET character_set_client = @saved_cs_client */;

--
-- Dumping data for table `cash_assets`
--

LOCK TABLES `cash_assets` WRITE;
/*!40000 ALTER TABLE `cash_assets` DISABLE KEYS */;
INSERT INTO `cash_assets` VALUES (1,1,'Nợ mua nhà','0','2020-06-12','0','VND',500000000,NULL,'2','2020-06-12 04:07:36','2','2020-06-12 04:07:36',NULL,'2020-06-12 04:07:36'),(2,1,'Tài sản xe','1','2020-06-02','1','VND',850000000,NULL,'2','2020-06-12 04:08:14','2','2020-06-12 04:08:14',NULL,'2020-06-12 04:08:14'),(3,1,'Nợ đất','3','2020-06-12','0','VND',1200000000,NULL,'2','2020-06-12 08:16:31','2','2020-06-12 08:20:33',NULL,'2020-06-12 08:16:31'),(4,1,'Nợ xe','1','2020-06-12','0','VND',550000000,NULL,'2','2020-06-12 08:16:47','2','2020-06-12 08:16:47',NULL,'2020-06-12 08:16:47'),(5,1,'Sổ tiết kiệm','2','2020-06-12','1','VND',300000000,NULL,'2','2020-06-12 08:17:01','2','2020-06-12 08:17:01',NULL,'2020-06-12 08:17:01'),(6,1,'abc','0','2020-06-12','0','VND',500000000,NULL,'2','2020-06-12 08:49:23','2','2020-06-12 08:49:23',NULL,'2020-06-12 08:49:23'),(7,1,'abc','0','2020-06-12','0','VND',500000000,NULL,'2','2020-06-12 08:50:19','2','2020-06-12 08:50:35','2020-06-12 08:50:35','2020-06-12 08:50:19');
/*!40000 ALTER TABLE `cash_assets` ENABLE KEYS */;
UNLOCK TABLES;

--
-- Table structure for table `cash_incomes`
--

DROP TABLE IF EXISTS `cash_incomes`;
/*!40101 SET @saved_cs_client     = @@character_set_client */;
/*!40101 SET character_set_client = utf8 */;
CREATE TABLE `cash_incomes` (
  `id` bigint(20) NOT NULL AUTO_INCREMENT,
  `customer_id` int(20) NOT NULL,
  `incomename` varchar(500) COLLATE utf8_unicode_ci NOT NULL DEFAULT '',
  `incometype` varchar(10) COLLATE utf8_unicode_ci DEFAULT NULL,
  `incomedate` date NOT NULL DEFAULT '0000-00-00',
  `incomestatustype` varchar(10) COLLATE utf8_unicode_ci DEFAULT NULL,
  `currency` varchar(20) COLLATE utf8_unicode_ci DEFAULT NULL,
  `amount` int(20) NOT NULL,
  `description` varchar(500) COLLATE utf8_unicode_ci DEFAULT NULL,
  `created_user_id` varchar(20) COLLATE utf8_unicode_ci NOT NULL DEFAULT '',
  `created_at` timestamp NOT NULL DEFAULT '0000-00-00 00:00:00',
  `updated_user_id` varchar(20) COLLATE utf8_unicode_ci NOT NULL DEFAULT '',
  `updated_at` timestamp NOT NULL DEFAULT '0000-00-00 00:00:00',
  `deleted_at` timestamp NULL DEFAULT NULL,
  `insertpointoftime` timestamp NOT NULL DEFAULT current_timestamp(),
  PRIMARY KEY (`id`)
) ENGINE=InnoDB AUTO_INCREMENT=210 DEFAULT CHARSET=utf8 COLLATE=utf8_unicode_ci;
/*!40101 SET character_set_client = @saved_cs_client */;

--
-- Dumping data for table `cash_incomes`
--

LOCK TABLES `cash_incomes` WRITE;
/*!40000 ALTER TABLE `cash_incomes` DISABLE KEYS */;
INSERT INTO `cash_incomes` VALUES (1,1,'Trợ cấp','0','2020-03-13','0','VND',9000000,NULL,'2','2020-03-13 09:12:03','2','2020-04-29 02:44:26',NULL,'2020-03-13 09:12:03'),(2,1,'Tien dien','1','2020-03-13','1','VND',200000,NULL,'2','2020-03-13 09:14:03','2','2020-04-29 03:16:36',NULL,'2020-03-13 09:14:03'),(3,1,'Tra no ngan hang','8','2020-03-13','2','VND',500000,NULL,'2','2020-03-13 09:14:22','2','2020-04-29 03:16:42',NULL,'2020-03-13 09:14:22'),(4,19,'Thu 1','0','2020-04-06','0','VND',1000000,NULL,'13','2020-04-06 13:44:14','13','2020-04-06 13:44:14',NULL,'2020-04-06 13:44:14'),(5,19,'Mua sắm','5','2020-04-06','1','VND',1000000,NULL,'13','2020-04-06 13:47:18','13','2020-04-17 07:55:06',NULL,'2020-04-06 13:47:18'),(6,19,'Hóa đơn','1','2020-04-06','1','VND',2500000,NULL,'13','2020-04-06 13:47:37','13','2020-04-17 07:54:15',NULL,'2020-04-06 13:47:37'),(7,19,'Hóa đơn','4','2020-04-08','1','VND',1000000,NULL,'13','2020-04-08 12:11:17','13','2020-04-17 07:56:12',NULL,'2020-04-08 12:11:17'),(8,19,'Thu nhập','9','2020-04-15','0','VND',1000000,NULL,'13','2020-04-15 12:47:16','13','2020-04-15 12:47:16',NULL,'2020-04-15 12:47:16'),(9,19,'Mua sắm','7','2020-04-15','1','VND',500000,NULL,'13','2020-04-15 12:47:39','13','2020-04-15 12:47:39',NULL,'2020-04-15 12:47:39'),(10,19,'Hóa đơn','4','2020-04-15','1','VND',200000,NULL,'13','2020-04-15 12:48:54','13','2020-04-15 12:48:54',NULL,'2020-04-15 12:48:54'),(11,19,'Nợ tín dụng','8','2020-04-15','2','VND',10000000,NULL,'13','2020-04-15 13:30:07','13','2020-04-15 13:30:07',NULL,'2020-04-15 13:30:07'),(12,1,'Tiền điện tháng 3','1','2020-04-16','1','VND',1200000,NULL,'2','2020-04-16 10:08:51','2','2020-04-16 10:08:51',NULL,'2020-04-16 10:08:51'),(13,1,'Tiền nước tháng 3','2','2020-04-16','1','VND',700000,NULL,'2','2020-04-16 10:10:10','2','2020-04-16 10:10:10',NULL,'2020-04-16 10:10:10'),(14,2,'Lương tháng 3','0','2020-03-31','0','VND',10000000,NULL,'3','2020-04-16 10:21:54','3','2020-04-16 10:21:54',NULL,'2020-04-16 10:21:54'),(15,19,'Lương','0','2020-04-17','0','VND',10000000,NULL,'13','2020-04-17 07:39:50','13','2020-04-17 07:53:08',NULL,'2020-04-17 07:39:50'),(16,19,'Khám bệnh','7','2020-04-17','1','VND',1200000,NULL,'13','2020-04-17 07:40:18','13','2020-04-17 07:40:18',NULL,'2020-04-17 07:40:18'),(17,19,'Tiền chợ','5','2020-04-17','1','VND',500000,NULL,'13','2020-04-17 07:40:45','13','2020-04-17 07:40:45',NULL,'2020-04-17 07:40:45'),(18,19,'Sinh nhật cháu','6','2020-04-16','1','VND',800000,NULL,'13','2020-04-17 07:43:00','13','2020-04-17 07:43:32',NULL,'2020-04-17 07:43:00'),(19,19,'Bảo hiểm','7','2020-04-20','1','VND',2000000,NULL,'13','2020-04-20 11:09:32','13','2020-04-20 11:09:32',NULL,'2020-04-20 11:09:32'),(20,19,'Tiền tiết kiệm','8','2020-04-22','1','VND',1000000,NULL,'13','2020-04-22 13:34:59','13','2020-04-22 13:34:59',NULL,'2020-04-22 13:34:59'),(21,19,'Nguời thân tặng','6','2020-03-02','0','VND',1000000,NULL,'13','2020-04-28 08:34:29','13','2020-04-28 08:34:29',NULL,'2020-04-28 08:34:29'),(22,19,'Tiền thuốc nguời thân','7','2020-01-01','0','VND',800000,NULL,'13','2020-04-28 08:36:04','13','2020-04-28 10:38:06',NULL,'2020-04-28 08:36:04'),(23,19,'Lương tháng 2','0','2020-02-29','0','VND',10000000,NULL,'13','2020-04-28 08:39:03','13','2020-04-28 08:39:03',NULL,'2020-04-28 08:39:03'),(24,19,'Thưởng','6','2020-03-31','0','VND',5000000,NULL,'13','2020-04-28 08:47:30','13','2020-04-28 08:47:30',NULL,'2020-04-28 08:47:30'),(25,19,'Tiền lãi ngân hàng','8','2020-03-31','0','VND',800000,NULL,'13','2020-04-28 08:50:07','13','2020-04-28 08:50:38',NULL,'2020-04-28 08:50:07'),(26,19,'Điện tháng 3','1','2020-03-08','1','VND',800000,NULL,'13','2020-04-28 09:11:42','13','2020-04-28 09:11:42',NULL,'2020-04-28 09:11:42'),(27,19,'Tiền nước tháng 3','2','2020-03-08','1','VND',300000,NULL,'13','2020-04-28 09:14:19','13','2020-04-28 09:14:19',NULL,'2020-04-28 09:14:19'),(28,19,'Truyền hình tháng 3','3','2020-03-08','1','VND',100000,NULL,'13','2020-04-28 09:16:17','13','2020-04-28 09:16:17',NULL,'2020-04-28 09:16:17'),(29,19,'Intenet tháng 3','4','2020-03-08','1','VND',300000,NULL,'13','2020-04-28 09:17:34','13','2020-04-28 09:17:46',NULL,'2020-04-28 09:17:34'),(30,19,'Tiền chợ','5','2020-03-08','1','VND',1000000,NULL,'13','2020-04-28 09:19:52','13','2020-04-28 09:20:01',NULL,'2020-04-28 09:19:52'),(31,19,'Hiếu hỉ','6','2020-03-08','1','VND',1200000,NULL,'13','2020-04-28 09:20:30','13','2020-04-28 09:20:30',NULL,'2020-04-28 09:20:30'),(32,19,'Tiền khám','7','2020-03-08','1','VND',200000,NULL,'13','2020-04-28 09:21:12','13','2020-04-28 09:21:23',NULL,'2020-04-28 09:21:12'),(33,19,'Học phí','9','2020-03-08','1','VND',5000000,NULL,'13','2020-04-28 09:21:59','13','2020-04-28 09:21:59',NULL,'2020-04-28 09:21:59'),(34,19,'Giải trí','9','2020-03-08','1','VND',400000,NULL,'13','2020-04-28 09:23:06','13','2020-04-28 09:23:15',NULL,'2020-04-28 09:23:06'),(35,19,'Lương','9','2020-03-08','0','VND',1200000,NULL,'13','2020-04-28 09:24:31','13','2020-04-28 09:24:31',NULL,'2020-04-28 09:24:31'),(36,19,'Nợ người thân','9','2020-03-08','2','VND',5000000,NULL,'13','2020-04-28 09:25:53','13','2020-04-28 09:26:02',NULL,'2020-04-28 09:25:53'),(37,19,'Nợ','0','2020-03-08','2','VND',1000000,NULL,'13','2020-04-28 10:00:22','13','2020-04-28 10:00:31',NULL,'2020-04-28 10:00:22'),(38,19,'Cưới hỏi','6','2020-02-09','1','VND',1000000,NULL,'13','2020-04-28 10:30:51','13','2020-04-28 10:33:46',NULL,'2020-04-28 10:30:51'),(39,19,'Hóa đơn tháng 2','1','2020-02-02','1','VND',2000000,NULL,'13','2020-04-28 10:31:34','13','2020-04-28 10:33:42',NULL,'2020-04-28 10:31:34'),(40,19,'Du lịch','9','2020-02-16','1','VND',5000000,NULL,'13','2020-04-28 10:32:38','13','2020-04-28 10:33:50',NULL,'2020-04-28 10:32:38'),(41,19,'Tiền nước tháng 2','2','2020-02-15','1','VND',100000,NULL,'13','2020-04-28 10:33:08','13','2020-04-28 10:34:18',NULL,'2020-04-28 10:33:08'),(42,19,'Tiền chợ','5','2020-02-20','1','VND',200000,NULL,'13','2020-04-28 10:35:05','13','2020-04-28 10:35:05',NULL,'2020-04-28 10:35:05'),(43,19,'Tiền khám','7','2020-02-25','1','VND',500000,NULL,'13','2020-04-28 10:36:07','13','2020-04-28 10:36:07',NULL,'2020-04-28 10:36:07'),(44,19,'Tiền lãi','5','2020-01-15','0','VND',1000000,NULL,'13','2020-04-28 10:37:05','13','2020-04-28 10:37:41',NULL,'2020-04-28 10:37:05'),(45,19,'Lương tháng 1','0','2020-01-21','0','VND',15000000,NULL,'13','2020-04-28 10:40:14','13','2020-04-28 10:40:14',NULL,'2020-04-28 10:40:14'),(46,19,'Nợ tín dụng','8','2020-01-19','2','VND',5000000,NULL,'13','2020-04-28 10:40:35','13','2020-04-28 10:40:50',NULL,'2020-04-28 10:40:35'),(47,19,'Trả nợ','8','2020-01-14','1','VND',1000000,NULL,'13','2020-04-28 10:41:26','13','2020-04-28 10:41:39',NULL,'2020-04-28 10:41:26'),(48,19,'Tiền chợ T1','5','2020-01-10','1','VND',1500000,NULL,'13','2020-04-28 10:42:20','13','2020-04-28 10:42:27',NULL,'2020-04-28 10:42:20'),(49,2,'Điện tháng 4','1','2020-04-29','1','VND',500000,NULL,'3','2020-04-29 02:00:57','3','2020-04-29 02:00:57',NULL,'2020-04-29 02:00:57'),(50,2,'Nước tháng 4','2','2020-04-29','1','VND',300000,NULL,'3','2020-04-29 02:01:24','3','2020-04-29 02:01:24',NULL,'2020-04-29 02:01:24'),(51,2,'HĐ truyền hình năm','3','2020-04-29','1','VND',800000,NULL,'3','2020-04-29 02:01:57','3','2020-04-29 02:01:57',NULL,'2020-04-29 02:01:57'),(52,2,'Internet tháng 4','4','2020-04-05','1','VND',300000,NULL,'3','2020-04-29 02:10:56','3','2020-04-29 02:10:56',NULL,'2020-04-29 02:10:56'),(53,2,'Tiền chợ tháng 4','5','2020-04-29','1','VND',1200000,NULL,'3','2020-04-29 02:11:18','3','2020-04-29 02:11:18',NULL,'2020-04-29 02:11:18'),(54,2,'Tiền khám tháng 4','7','2020-04-12','1','VND',700000,NULL,'3','2020-04-29 02:11:56','3','2020-04-29 02:11:56',NULL,'2020-04-29 02:11:56'),(55,2,'hiếu hỉ','6','2020-04-19','1','VND',1000000,NULL,'3','2020-04-29 02:12:18','3','2020-04-29 02:12:18',NULL,'2020-04-29 02:12:18'),(56,2,'Trả nợ tín dụng','8','2020-04-21','1','VND',600000,NULL,'3','2020-04-29 02:13:32','3','2020-04-29 02:14:34',NULL,'2020-04-29 02:13:32'),(57,2,'Doanh thu','0','2020-03-01','0','VND',10000000,NULL,'3','2020-04-29 02:15:02','3','2020-04-29 02:15:02',NULL,'2020-04-29 02:15:03'),(58,2,'Chi phí giá vốn','0','2020-03-08','1','VND',5000000,NULL,'3','2020-04-29 02:15:24','3','2020-04-29 02:17:19',NULL,'2020-04-29 02:15:24'),(59,2,'Chi phí giá vốn','0','2020-03-15','1','VND',1200000,NULL,'3','2020-04-29 02:15:50','3','2020-04-29 02:17:29',NULL,'2020-04-29 02:15:50'),(60,2,'Chi phí giá vốn','0','2020-03-22','1','VND',5000000,NULL,'3','2020-04-29 02:16:15','3','2020-04-29 02:18:59',NULL,'2020-04-29 02:16:15'),(61,2,'Doanh thu','0','2020-03-08','1','VND',5000000,NULL,'3','2020-04-29 02:28:36','3','2020-04-29 02:28:36',NULL,'2020-04-29 02:28:36'),(62,2,'Doanh thu','0','2020-03-15','0','VND',10000000,NULL,'3','2020-04-29 02:29:02','3','2020-04-29 02:29:02',NULL,'2020-04-29 02:29:02'),(63,2,'Doanh thu','0','2020-03-16','0','VND',1200000,NULL,'3','2020-04-29 02:29:16','3','2020-04-29 02:29:16',NULL,'2020-04-29 02:29:16'),(64,2,'Doanh thu','0','2020-02-15','0','VND',16000000,NULL,'3','2020-04-29 02:29:50','3','2020-04-29 02:29:50',NULL,'2020-04-29 02:29:50'),(65,2,'Doanh thu','0','2020-02-02','0','VND',5000000,NULL,'3','2020-04-29 02:30:04','3','2020-04-29 02:30:04',NULL,'2020-04-29 02:30:04'),(66,2,'Doanh thu','0','2020-03-16','0','VND',1200000,NULL,'3','2020-04-29 02:30:20','3','2020-04-29 02:30:20',NULL,'2020-04-29 02:30:20'),(67,2,'Tiền lãi','9','2020-02-29','1','VND',1200000,NULL,'3','2020-04-29 02:31:11','3','2020-04-29 02:31:11',NULL,'2020-04-29 02:31:11'),(68,2,'Tiền thuê nhà','5','2020-02-12','1','VND',5000000,NULL,'3','2020-04-29 02:31:31','3','2020-04-29 02:31:31',NULL,'2020-04-29 02:31:31'),(69,2,'Tiền mặt bẳng','9','2020-02-14','1','VND',5000000,NULL,'3','2020-04-29 02:32:01','3','2020-04-29 02:32:01',NULL,'2020-04-29 02:32:01'),(70,2,'Doanh thu','0','2020-01-12','0','VND',19000000,NULL,'3','2020-04-29 02:32:37','3','2020-04-29 02:32:37',NULL,'2020-04-29 02:32:37'),(71,2,'Tiền nội thất','9','2020-01-10','1','VND',3450000,NULL,'3','2020-04-29 02:33:21','3','2020-04-29 02:33:21',NULL,'2020-04-29 02:33:21'),(72,2,'Tiền sinh họat','5','2020-01-20','1','VND',10000000,NULL,'3','2020-04-29 02:33:45','3','2020-04-29 02:34:05',NULL,'2020-04-29 02:33:45'),(73,2,'Trả nợ tín dụng','8','2020-04-07','1','VND',10000000,NULL,'3','2020-04-29 02:35:09','3','2020-04-29 02:35:09',NULL,'2020-04-29 02:35:09'),(74,1,'Tiền thuốc','7','2020-04-29','1','VND',1000000,NULL,'2','2020-04-29 02:37:17','2','2020-04-29 02:37:17',NULL,'2020-04-29 02:37:17'),(75,1,'Tiền ăn','5','2020-04-14','1','VND',1000000,NULL,'2','2020-04-29 02:37:45','2','2020-04-29 02:37:45',NULL,'2020-04-29 02:37:45'),(76,1,'Học phí','9','2020-04-20','1','VND',5000000,NULL,'2','2020-04-29 02:38:27','2','2020-04-29 02:38:34',NULL,'2020-04-29 02:38:27'),(77,1,'Trợ cấp','9','2020-04-01','1','VND',14000000,NULL,'2','2020-04-29 02:39:02','2','2020-04-29 02:39:17','2020-04-29 02:39:17','2020-04-29 02:39:02'),(78,1,'Trợ cấp','9','2020-04-01','0','VND',15000000,NULL,'2','2020-04-29 02:39:33','2','2020-04-29 02:39:33',NULL,'2020-04-29 02:39:33'),(79,1,'Tiền thuốc','7','2020-03-01','1','VND',1200000,NULL,'2','2020-04-29 02:42:53','2','2020-04-29 02:43:40',NULL,'2020-04-29 02:42:53'),(80,1,'Trợ cấp','0','2020-02-02','0','VND',10000000,NULL,'2','2020-04-29 03:17:04','2','2020-04-29 03:17:14',NULL,'2020-04-29 03:17:04'),(81,1,'Tiền chợ','1','2020-02-10','1','VND',1800000,NULL,'2','2020-04-29 03:17:28','2','2020-04-29 03:17:39',NULL,'2020-04-29 03:17:28'),(82,1,'Tiền thuốc','0','2020-02-20','1','VND',850000,NULL,'2','2020-04-29 03:18:05','2','2020-04-29 03:18:05',NULL,'2020-04-29 03:18:05'),(83,1,'Tiền nước','2','2020-02-27','1','VND',450000,NULL,'2','2020-04-29 03:18:48','2','2020-04-29 03:18:58',NULL,'2020-04-29 03:18:48'),(84,1,'Điện','1','2020-02-14','1','VND',600000,NULL,'2','2020-04-29 03:19:43','2','2020-04-29 03:19:43',NULL,'2020-04-29 03:19:43'),(85,1,'Trợ cấp','9','2020-01-20','0','VND',12000000,NULL,'2','2020-04-29 03:23:42','2','2020-04-29 03:24:25',NULL,'2020-04-29 03:23:42'),(86,1,'Tiền chợ','5','2020-01-17','1','VND',800000,NULL,'2','2020-04-29 03:24:41','2','2020-04-29 03:24:49',NULL,'2020-04-29 03:24:41'),(87,1,'Tiền chợ','5','2020-01-03','1','VND',1200000,NULL,'2','2020-04-29 03:25:17','2','2020-04-29 03:25:30',NULL,'2020-04-29 03:25:17'),(88,1,'Hóa đơn','9','2020-01-07','1','VND',1900000,NULL,'2','2020-04-29 03:25:57','2','2020-04-29 03:26:16',NULL,'2020-04-29 03:25:57'),(89,1,'Trả nợ ngân hàng','8','2020-01-09','1','VND',10000000,NULL,'2','2020-04-29 03:26:40','2','2020-04-29 03:27:02',NULL,'2020-04-29 03:26:40'),(90,19,'Lương','0','2020-05-04','0','VND',15000000,NULL,'13','2020-05-06 09:29:32','13','2020-05-06 09:29:49',NULL,'2020-05-06 09:29:32'),(91,19,'Tiền nước tháng 5','2','2020-05-05','1','VND',300000,NULL,'13','2020-05-06 09:30:01','13','2020-05-06 09:30:25',NULL,'2020-05-06 09:30:01'),(92,19,'Tiền chợ','5','2020-05-10','1','VND',1000000,NULL,'13','2020-05-06 09:30:15','13','2020-05-20 07:38:43',NULL,'2020-05-06 09:30:15'),(93,19,'Tiền lãi ngân hàng','8','2020-05-04','0','VND',1200000,NULL,'13','2020-05-06 09:31:36','13','2020-05-20 10:11:47',NULL,'2020-05-06 09:31:36'),(94,1,'Luong thang 4','0','2020-05-06','0','VND',500000,NULL,'2','2020-05-06 10:22:35','2','2020-05-06 10:22:51',NULL,'2020-05-06 10:22:35'),(95,19,'Doanh thu bán hàng trong ngày','0','2020-05-20','0','VND',1500000,NULL,'13','2020-05-20 07:33:19','13','2020-05-20 07:33:19',NULL,'2020-05-20 07:33:19'),(96,19,'Tiền nước','2','2020-05-20','1','VND',500000,NULL,'13','2020-05-20 07:33:43','13','2020-05-20 07:35:47',NULL,'2020-05-20 07:33:43'),(97,19,'Tiền cafe sáng','5','2020-05-20','1','VND',112000,NULL,'13','2020-05-20 07:35:25','13','2020-05-20 07:35:25',NULL,'2020-05-20 07:35:25'),(98,19,'Nợ bạn A.','9','2020-05-20','2','VND',200000,NULL,'13','2020-05-20 07:36:28','13','2020-05-20 07:36:28',NULL,'2020-05-20 07:36:28'),(99,19,'Tiền ăn trưa','5','2020-05-20','1','VND',30000,NULL,'13','2020-05-20 07:38:01','13','2020-05-20 07:38:01',NULL,'2020-05-20 07:38:01'),(100,19,'Tiền lãi ngân hàng','9','2020-05-04','0','VND',500000,NULL,'13','2020-05-20 07:40:19','13','2020-05-20 07:40:19',NULL,'2020-05-20 07:40:19'),(101,19,'Doanh thu bán hàng trong ngày','9','2020-05-05','0','VND',2000000,NULL,'13','2020-05-20 07:40:40','13','2020-05-20 07:40:50',NULL,'2020-05-20 07:40:40'),(102,19,'Tiền truyền hình','3','2020-05-02','1','VND',300000,NULL,'13','2020-05-20 07:41:36','13','2020-05-20 07:41:36',NULL,'2020-05-20 07:41:36'),(103,19,'Tiền mua sắm','5','2020-05-06','1','VND',3000000,NULL,'13','2020-05-20 07:42:08','13','2020-05-20 07:42:19',NULL,'2020-05-20 07:42:08'),(104,19,'Tiền hiếu hỉ','6','2020-05-07','1','VND',500000,NULL,'13','2020-05-20 07:43:15','13','2020-05-20 07:43:15',NULL,'2020-05-20 07:43:15'),(105,19,'Vốn nhập hàng','9','2020-05-08','1','VND',10000000,NULL,'13','2020-05-20 07:44:03','13','2020-05-20 07:44:27',NULL,'2020-05-20 07:44:03'),(106,19,'Doanh thu bán hàng trong ngày','9','2020-05-11','0','VND',2500000,NULL,'13','2020-05-20 09:42:51','13','2020-05-20 09:42:51',NULL,'2020-05-20 09:42:51'),(107,19,'Tiền trợ cấp','9','2020-05-08','0','VND',2500000,NULL,'13','2020-05-20 09:49:06','13','2020-05-20 09:49:43',NULL,'2020-05-20 09:49:06'),(108,19,'Doanh thu bán hàng trong ngày','9','2020-05-12','0','VND',3500000,NULL,'13','2020-05-20 10:07:52','13','2020-05-20 10:07:52',NULL,'2020-05-20 10:07:52'),(109,19,'Doanh thu bán hàng trong ngày','9','2020-05-13','0','VND',1800000,NULL,'13','2020-05-20 10:08:26','13','2020-05-20 10:08:26',NULL,'2020-05-20 10:08:26'),(110,19,'Doanh thu bán hàng trong ngày','9','2020-05-14','0','VND',1100000,NULL,'13','2020-05-20 10:08:54','13','2020-05-20 10:08:54',NULL,'2020-05-20 10:08:54'),(111,19,'Doanh thu bán hàng trong ngày','9','2020-05-15','0','VND',2700000,NULL,'13','2020-05-20 10:09:38','13','2020-05-20 10:09:38',NULL,'2020-05-20 10:09:38'),(112,19,'Doanh thu bán hàng trong ngày','9','2020-05-16','0','VND',4000000,NULL,'13','2020-05-20 10:10:05','13','2020-05-20 10:10:05',NULL,'2020-05-20 10:10:05'),(113,19,'Doanh thu bán hàng trong ngày','9','2020-05-17','0','VND',3500000,NULL,'13','2020-05-20 10:10:49','13','2020-05-20 10:10:49',NULL,'2020-05-20 10:10:49'),(114,19,'Doanh thu bán hàng trong ngày','9','2020-05-18','0','VND',2500000,NULL,'13','2020-05-20 10:12:35','13','2020-05-20 10:12:35',NULL,'2020-05-20 10:12:35'),(115,19,'Doanh thu bán hàng trong ngày','9','2020-05-19','0','VND',3500000,NULL,'13','2020-05-20 10:12:59','13','2020-05-20 10:12:59',NULL,'2020-05-20 10:12:59'),(116,19,'Tiền thưởng lễ','9','2020-05-01','0','VND',200000,NULL,'13','2020-05-20 10:15:47','13','2020-05-20 10:15:47',NULL,'2020-05-20 10:15:47'),(117,19,'Tiền điện','1','2020-05-15','1','VND',700000,NULL,'13','2020-05-20 10:19:06','13','2020-05-20 10:19:06',NULL,'2020-05-20 10:19:06'),(118,19,'Tiền internet','4','2020-05-06','1','VND',280000,NULL,'13','2020-05-20 10:25:46','13','2020-05-20 10:25:46',NULL,'2020-05-20 10:25:46'),(119,19,'Tiền khám','7','2020-05-12','1','VND',250000,NULL,'13','2020-05-20 10:27:11','13','2020-05-20 10:27:29',NULL,'2020-05-20 10:27:11'),(120,19,'Tiền chợ','5','2020-05-15','1','VND',1500000,NULL,'13','2020-05-20 10:28:28','13','2020-05-20 10:28:28',NULL,'2020-05-20 10:28:28'),(121,19,'Tiền cafe','9','2020-05-12','1','VND',150000,NULL,'13','2020-05-20 10:29:00','13','2020-05-20 10:29:00',NULL,'2020-05-20 10:29:00'),(122,19,'Tiền mua máy tính','5','2020-05-16','1','VND',8000000,NULL,'13','2020-05-20 10:30:11','13','2020-05-20 10:30:11',NULL,'2020-05-20 10:30:11'),(123,19,'Tiền hiếu hỉ','6','2020-05-13','1','VND',350000,NULL,'13','2020-05-20 10:32:28','13','2020-05-20 10:32:28',NULL,'2020-05-20 10:32:28'),(124,19,'Tiền sửa máy giặt','9','2020-05-17','1','VND',300000,NULL,'13','2020-05-20 10:33:30','13','2020-05-20 10:33:30',NULL,'2020-05-20 10:33:30'),(125,19,'Tiền chợ','5','2020-05-17','1','VND',950000,NULL,'13','2020-05-20 10:34:17','13','2020-05-20 10:34:17',NULL,'2020-05-20 10:34:17'),(126,19,'Tiền sữa','5','2020-05-18','1','VND',600000,NULL,'13','2020-05-20 10:34:56','13','2020-05-20 10:34:56',NULL,'2020-05-20 10:34:56'),(127,19,'Tiền học phí','9','2020-05-18','1','VND',5500000,NULL,'13','2020-05-20 10:35:42','13','2020-05-20 10:35:42',NULL,'2020-05-20 10:35:42'),(128,19,'Tiền cafe','9','2020-05-11','1','VND',200000,NULL,'13','2020-05-20 10:38:09','13','2020-05-20 10:38:09',NULL,'2020-05-20 10:38:09'),(129,19,'Tiền cafe sáng','5','2020-05-21','1','VND',35000,NULL,'13','2020-05-21 01:51:28','13','2020-05-21 01:51:28',NULL,'2020-05-21 01:51:28'),(130,19,'Tiền xăng xe','9','2020-05-21','1','VND',100000,NULL,'13','2020-05-21 01:51:59','13','2020-05-21 01:51:59',NULL,'2020-05-21 01:51:59'),(131,19,'Tiền gạo','5','2020-05-21','1','VND',200000,NULL,'13','2020-05-21 01:52:24','13','2020-05-21 01:52:24',NULL,'2020-05-21 01:52:24'),(132,19,'Doanh thu bán hàng trong ngày','9','2020-05-21','1','VND',2000000,NULL,'13','2020-05-21 01:52:58','13','2020-05-21 01:53:15','2020-05-21 01:53:15','2020-05-21 01:52:58'),(133,19,'Doanh thu bán hàng trong ngày','9','2020-05-21','0','VND',2000000,NULL,'13','2020-05-21 01:53:33','13','2020-05-21 01:53:33',NULL,'2020-05-21 01:53:33'),(134,19,'Tiền thuốc','7','2020-05-22','1','VND',190000,NULL,'13','2020-05-22 01:28:04','13','2020-05-22 01:28:04',NULL,'2020-05-22 01:28:04'),(135,19,'Tiền điện thoại','9','2020-05-22','1','VND',100000,NULL,'13','2020-05-22 01:29:06','13','2020-05-22 01:29:06',NULL,'2020-05-22 01:29:06'),(136,19,'Tiền ăn sáng','9','2020-05-22','1','VND',30000,NULL,'13','2020-05-22 01:29:54','13','2020-05-22 01:29:54',NULL,'2020-05-22 01:29:54'),(137,19,'Tiền ăn trưa','9','2020-05-22','1','VND',35000,NULL,'13','2020-05-22 01:30:11','13','2020-05-22 01:30:11',NULL,'2020-05-22 01:30:11'),(138,19,'Doanh thu bán hàng trong ngày','9','2020-05-22','0','VND',1200000,NULL,'13','2020-05-22 01:30:35','13','2020-05-22 01:30:35',NULL,'2020-05-22 01:30:35'),(139,19,'Tiền sửa xe','9','2020-05-23','1','VND',300000,NULL,'13','2020-05-23 01:41:40','13','2020-05-23 01:41:40',NULL,'2020-05-23 01:41:40'),(140,19,'Tiền rác','9','2020-05-23','1','VND',50000,NULL,'13','2020-05-23 01:42:55','13','2020-05-23 01:42:55',NULL,'2020-05-23 01:42:55'),(141,19,'Tiền trả nợ thẻ tín dụng','8','2020-05-23','1','VND',600000,NULL,'13','2020-05-23 01:43:32','13','2020-05-23 01:43:32',NULL,'2020-05-23 01:43:32'),(142,19,'Tiền ăn trong ngày','9','2020-05-23','1','VND',150000,NULL,'13','2020-05-23 01:44:01','13','2020-05-23 01:44:01',NULL,'2020-05-23 01:44:01'),(143,19,'Tài khoản đầu tư','9','2020-05-24','0','VND',5000000,NULL,'13','2020-05-23 01:45:28','13','2020-05-23 01:45:50',NULL,'2020-05-23 01:45:28'),(144,19,'Tiền chợ','5','2020-05-24','1','VND',1500000,NULL,'13','2020-05-23 01:46:21','13','2020-05-23 01:46:21',NULL,'2020-05-23 01:46:21'),(145,19,'Tiền hiếu hỉ','6','2020-05-24','1','VND',500000,NULL,'13','2020-05-23 01:46:46','13','2020-05-23 01:47:36',NULL,'2020-05-23 01:46:46'),(146,19,'Tiền thuốc','7','2020-05-24','1','VND',280000,NULL,'13','2020-05-23 01:48:11','13','2020-05-23 01:49:47',NULL,'2020-05-23 01:48:11'),(147,19,'Doanh thu bán hàng trong ngày','9','2020-05-25','0','VND',800000,NULL,'13','2020-05-25 02:10:49','13','2020-05-25 02:10:49',NULL,'2020-05-25 02:10:49'),(148,19,'Tiền gửi xe tháng','9','2020-05-25','1','VND',200000,NULL,'13','2020-05-25 02:12:24','13','2020-05-25 02:12:24',NULL,'2020-05-25 02:12:24'),(149,19,'Tiền ăn sáng','9','2020-05-25','1','VND',25000,NULL,'13','2020-05-25 02:13:01','13','2020-05-25 02:13:01',NULL,'2020-05-25 02:13:01'),(150,19,'Tiền thuốc','7','2020-05-25','1','VND',190000,NULL,'13','2020-05-25 02:13:24','13','2020-05-25 02:13:24',NULL,'2020-05-25 02:13:24'),(151,19,'Doanh thu bán hàng trong ngày','9','2020-05-26','0','VND',1100000,NULL,'13','2020-05-26 01:09:30','13','2020-05-26 01:09:30',NULL,'2020-05-26 01:09:30'),(152,19,'Tiền hiếu hỉ','6','2020-05-26','1','VND',500000,NULL,'13','2020-05-26 01:09:54','13','2020-05-26 01:09:54',NULL,'2020-05-26 01:09:54'),(153,19,'Tiền cafe sáng','9','2020-05-26','1','VND',50000,NULL,'13','2020-05-26 01:10:13','13','2020-05-26 01:10:13',NULL,'2020-05-26 01:10:13'),(154,19,'Tiền ăn trưa','9','2020-05-26','1','VND',30000,NULL,'13','2020-05-26 01:10:25','13','2020-05-26 01:10:25',NULL,'2020-05-26 01:10:25'),(155,19,'Tiền đi chợ','5','2020-05-27','1','VND',800000,NULL,'13','2020-05-27 01:12:19','13','2020-05-27 01:12:19',NULL,'2020-05-27 01:12:19'),(156,19,'Tiền thuốc','7','2020-05-27','1','VND',230000,NULL,'13','2020-05-27 01:13:06','13','2020-05-27 01:13:06',NULL,'2020-05-27 01:13:06'),(157,19,'Tiền cafe sáng','9','2020-05-27','1','VND',50000,NULL,'13','2020-05-27 01:13:20','13','2020-05-27 01:13:20',NULL,'2020-05-27 01:13:20'),(158,19,'Doanh thu bán hàng trong ngày','9','2020-05-27','0','VND',1900000,NULL,'13','2020-05-27 01:13:33','13','2020-05-27 01:14:00',NULL,'2020-05-27 01:13:33'),(159,19,'Người thân tặng','6','2020-05-28','0','VND',500000,NULL,'13','2020-05-28 01:38:24','13','2020-05-28 01:38:24',NULL,'2020-05-28 01:38:24'),(160,19,'Tiền cafe sáng','9','2020-05-28','1','VND',30000,NULL,'13','2020-05-28 01:38:47','13','2020-05-28 01:38:47',NULL,'2020-05-28 01:38:47'),(161,19,'Tiền ăn trưa','9','2020-05-28','1','VND',35000,NULL,'13','2020-05-28 01:39:28','13','2020-05-28 01:39:28',NULL,'2020-05-28 01:39:28'),(162,19,'Tiền mua bột giặt','5','2020-05-28','1','VND',130000,NULL,'13','2020-05-28 01:40:05','13','2020-05-28 01:40:05',NULL,'2020-05-28 01:40:05'),(163,19,'Doanh thu bán hàng trong ngày','9','2020-05-29','0','VND',900000,NULL,'13','2020-05-29 01:18:39','13','2020-05-29 01:18:39',NULL,'2020-05-29 01:18:39'),(164,19,'Trả nợ tín dụng','8','2020-05-29','1','VND',700000,NULL,'13','2020-05-29 01:19:13','13','2020-05-29 01:19:13',NULL,'2020-05-29 01:19:13'),(165,19,'Tiền thuốc','7','2020-05-29','1','VND',130000,NULL,'13','2020-05-29 01:19:33','13','2020-05-29 01:19:33',NULL,'2020-05-29 01:19:33'),(166,19,'Tiền ăn trưa','9','2020-05-29','1','VND',50000,NULL,'13','2020-05-29 01:19:48','13','2020-05-29 01:19:48',NULL,'2020-05-29 01:19:48'),(167,19,'Doanh thu bán hàng trong ngày','9','2020-05-30','0','VND',1300000,NULL,'13','2020-05-30 02:34:57','13','2020-05-30 02:34:57',NULL,'2020-05-30 02:34:57'),(168,19,'Trả nợ tín dụng','8','2020-05-30','1','VND',800000,NULL,'13','2020-05-30 02:35:19','13','2020-05-30 02:35:19',NULL,'2020-05-30 02:35:19'),(169,19,'Tiền cafe sáng','9','2020-05-30','1','VND',50000,NULL,'13','2020-05-30 02:35:35','13','2020-05-30 02:35:35',NULL,'2020-05-30 02:35:35'),(170,19,'Tiền gạo','5','2020-05-30','1','VND',105000,NULL,'13','2020-05-30 02:36:38','13','2020-05-30 02:36:38',NULL,'2020-05-30 02:36:38'),(171,19,'Lương','0','2020-06-01','0','VND',8000000,NULL,'13','2020-06-01 01:17:08','13','2020-06-01 01:17:08',NULL,'2020-06-01 01:17:08'),(172,19,'Tiền điện','1','2020-06-01','1','VND',800000,NULL,'13','2020-06-01 01:33:42','13','2020-06-01 01:33:42',NULL,'2020-06-01 01:33:42'),(173,19,'Tiền nước','2','2020-06-01','1','VND',450000,NULL,'13','2020-06-01 01:33:57','13','2020-06-01 01:33:57',NULL,'2020-06-01 01:33:57'),(174,19,'Tiền ăn trưa','9','2020-06-01','1','VND',35000,NULL,'13','2020-06-01 01:35:09','13','2020-06-01 01:35:09',NULL,'2020-06-01 01:35:09'),(175,19,'Cước Internet','4','2020-06-02','1','VND',895000,NULL,'13','2020-06-01 01:35:50','13','2020-06-01 01:36:57',NULL,'2020-06-01 01:35:50'),(176,19,'Tiền cáp truyền hình','3','2020-06-02','1','VND',125000,NULL,'13','2020-06-01 01:36:36','13','2020-06-01 01:37:02',NULL,'2020-06-01 01:36:36'),(177,19,'Tiền cafe','9','2020-06-02','1','VND',50000,NULL,'13','2020-06-01 01:37:41','13','2020-06-01 01:37:41',NULL,'2020-06-01 01:37:41'),(178,19,'Tiền gửi xe tháng','9','2020-06-03','1','VND',200000,NULL,'13','2020-06-01 01:38:07','13','2020-06-01 01:38:15',NULL,'2020-06-01 01:38:07'),(179,19,'Trả nợ tín dụng','8','2020-06-03','1','VND',2800000,NULL,'13','2020-06-01 01:45:57','13','2020-06-01 01:45:57',NULL,'2020-06-01 01:45:57'),(180,19,'Tiền ăn trưa','9','2020-06-03','1','VND',50000,NULL,'13','2020-06-01 01:46:11','13','2020-06-01 01:46:17',NULL,'2020-06-01 01:46:11'),(181,19,'Tiền điện thoại','9','2020-06-04','1','VND',200000,NULL,'13','2020-06-01 01:47:00','13','2020-06-01 01:47:05',NULL,'2020-06-01 01:47:00'),(182,19,'Tiền chợ trong tuần','5','2020-06-04','1','VND',850000,NULL,'13','2020-06-01 01:47:26','13','2020-06-01 01:47:33',NULL,'2020-06-01 01:47:26'),(183,19,'Tiền thuốc','7','2020-06-04','1','VND',170000,NULL,'13','2020-06-01 01:47:50','13','2020-06-01 01:47:50',NULL,'2020-06-01 01:47:50'),(184,19,'Tiền cafe','9','2020-06-05','1','VND',50000,NULL,'13','2020-06-01 01:48:12','13','2020-06-01 01:48:29',NULL,'2020-06-01 01:48:12'),(185,19,'Tiền hiếu hỉ','6','2020-06-05','1','VND',500000,NULL,'13','2020-06-01 01:49:26','13','2020-06-01 01:50:29',NULL,'2020-06-01 01:49:26'),(186,19,'Tiền sửa xe','9','2020-06-05','1','VND',300000,NULL,'13','2020-06-01 01:50:05','13','2020-06-01 01:50:53',NULL,'2020-06-01 01:50:05'),(187,19,'Tài khoản đầu tư','9','2020-06-06','0','VND',20000000,NULL,'13','2020-06-01 01:51:41','13','2020-06-01 01:54:51',NULL,'2020-06-01 01:51:41'),(188,19,'Tiền cafe','9','2020-06-06','1','VND',50000,NULL,'13','2020-06-01 01:52:06','13','2020-06-01 01:52:06',NULL,'2020-06-01 01:52:06'),(189,19,'Tiền thuê nhà','9','2020-06-06','1','VND',4500000,NULL,'13','2020-06-01 01:52:37','13','2020-06-01 01:52:48',NULL,'2020-06-01 01:52:37'),(190,19,'Tiền mua máy tính','5','2020-06-07','1','VND',15000000,NULL,'13','2020-06-01 01:53:32','13','2020-06-01 01:53:39',NULL,'2020-06-01 01:53:32'),(191,19,'Tiền ăn ngoài','9','2020-06-08','1','VND',250000,NULL,'13','2020-06-01 01:55:38','13','2020-06-01 01:57:26',NULL,'2020-06-01 01:55:38'),(192,19,'Tiền khám','7','2020-06-09','1','VND',800000,NULL,'13','2020-06-01 01:56:37','13','2020-06-01 01:58:46',NULL,'2020-06-01 01:56:37'),(193,19,'Tiền lãi ngân hàng','8','2020-06-10','0','VND',2000000,NULL,'13','2020-06-01 01:58:20','13','2020-06-01 01:59:21',NULL,'2020-06-01 01:58:20'),(194,19,'Tiền ăn trưa','9','2020-06-10','1','VND',50000,NULL,'13','2020-06-01 02:02:11','13','2020-06-01 02:02:11',NULL,'2020-06-01 02:02:11'),(195,19,'Tiền sinh nhật cháu','6','2020-06-10','1','VND',200000,NULL,'13','2020-06-01 02:02:44','13','2020-06-01 02:02:44',NULL,'2020-06-01 02:02:44'),(196,19,'Tiền gạo','5','2020-06-11','1','VND',150000,NULL,'13','2020-06-01 02:04:18','13','2020-06-01 02:04:34',NULL,'2020-06-01 02:04:18'),(197,19,'Tiền thuốc','7','2020-06-11','1','VND',250000,NULL,'13','2020-06-01 02:04:53','13','2020-06-01 02:04:53',NULL,'2020-06-01 02:04:53'),(198,19,'Tiền bảo hiểm','7','2020-06-13','1','VND',2850000,NULL,'13','2020-06-01 02:05:59','13','2020-06-01 02:05:59',NULL,'2020-06-01 02:05:59'),(199,19,'Thưởng hoa hồng','9','2020-06-12','0','VND',1500000,NULL,'13','2020-06-01 02:06:27','13','2020-06-01 02:06:27',NULL,'2020-06-01 02:06:27'),(200,19,'Tiền ăn trưa','9','2020-06-12','1','VND',50000,NULL,'13','2020-06-01 02:07:09','13','2020-06-01 02:07:09',NULL,'2020-06-01 02:07:09'),(201,19,'Trả nợ tín dụng','8','2020-06-12','1','VND',900000,NULL,'13','2020-06-01 02:07:47','13','2020-06-01 02:07:47',NULL,'2020-06-01 02:07:47'),(202,19,'Tài khoản đầu tư','9','2020-06-11','0','VND',5000000,NULL,'13','2020-06-01 02:08:43','13','2020-06-01 02:08:43',NULL,'2020-06-01 02:08:43'),(203,19,'Doanh thu bán hàng trong ngày','9','2020-06-02','0','VND',1500000,NULL,'13','2020-06-02 02:34:52','13','2020-06-04 02:24:33','2020-06-04 02:24:33','2020-06-02 02:34:52'),(204,19,'Doanh thu bán hàng trong ngày','9','2020-06-03','0','VND',500000,NULL,'13','2020-06-03 08:54:01','13','2020-06-04 02:24:24','2020-06-04 02:24:24','2020-06-03 08:54:01'),(205,19,'Tiền cho thuê phòng','9','2020-06-04','0','VND',5000000,NULL,'13','2020-06-04 02:20:58','13','2020-06-04 02:20:58',NULL,'2020-06-04 02:20:58'),(206,86,'gg','4','2020-06-04','2','VND',200000,NULL,'18','2020-06-04 08:36:29','18','2020-06-04 08:36:29',NULL,'2020-06-04 08:36:29'),(207,86,'chi phi','5','2020-06-04','1','VND',1000000,NULL,'18','2020-06-04 08:37:11','18','2020-06-04 08:37:11',NULL,'2020-06-04 08:37:11'),(208,86,'thu nhap','0','2020-06-04','0','VND',500000,NULL,'18','2020-06-04 08:38:06','18','2020-06-04 08:38:06',NULL,'2020-06-04 08:38:06'),(209,19,'test','0','2020-06-04','0','VND',50000,NULL,'13','2020-06-04 08:40:35','13','2020-06-04 08:40:35',NULL,'2020-06-04 08:40:35');
/*!40000 ALTER TABLE `cash_incomes` ENABLE KEYS */;
UNLOCK TABLES;

--
-- Table structure for table `cash_plans`
--

DROP TABLE IF EXISTS `cash_plans`;
/*!40101 SET @saved_cs_client     = @@character_set_client */;
/*!40101 SET character_set_client = utf8 */;
CREATE TABLE `cash_plans` (
  `id` bigint(20) NOT NULL AUTO_INCREMENT,
  `customer_id` int(20) NOT NULL,
  `plantype` varchar(10) COLLATE utf8_unicode_ci NOT NULL,
  `planname` varchar(500) COLLATE utf8_unicode_ci NOT NULL DEFAULT '',
  `plandate` date NOT NULL DEFAULT '0000-00-00',
  `currency` varchar(20) COLLATE utf8_unicode_ci DEFAULT NULL,
  `currentage` int(20) NOT NULL,
  `planage` int(20) NOT NULL,
  `planamount` double NOT NULL,
  `planamountunittype` varchar(20) COLLATE utf8_unicode_ci NOT NULL,
  `accountno` varchar(50) COLLATE utf8_unicode_ci DEFAULT NULL,
  `currentamount` double NOT NULL,
  `currentamountunittype` varchar(20) COLLATE utf8_unicode_ci NOT NULL,
  `requireamount` double NOT NULL,
  `requireamountunittype` varchar(20) COLLATE utf8_unicode_ci NOT NULL,
  `totalcurrentamount` double NOT NULL,
  `description` varchar(500) COLLATE utf8_unicode_ci DEFAULT NULL,
  `created_user_id` varchar(20) COLLATE utf8_unicode_ci NOT NULL DEFAULT '',
  `created_at` timestamp NOT NULL DEFAULT '0000-00-00 00:00:00',
  `updated_user_id` varchar(20) COLLATE utf8_unicode_ci NOT NULL DEFAULT '',
  `updated_at` timestamp NOT NULL DEFAULT '0000-00-00 00:00:00',
  `deleted_at` timestamp NULL DEFAULT NULL,
  `insertpointoftime` timestamp NOT NULL DEFAULT current_timestamp(),
  PRIMARY KEY (`id`)
) ENGINE=InnoDB AUTO_INCREMENT=233 DEFAULT CHARSET=utf8 COLLATE=utf8_unicode_ci;
/*!40101 SET character_set_client = @saved_cs_client */;

--
-- Dumping data for table `cash_plans`
--

LOCK TABLES `cash_plans` WRITE;
/*!40000 ALTER TABLE `cash_plans` DISABLE KEYS */;
INSERT INTO `cash_plans` VALUES (222,19,'0','Kế hoạch nghỉ hưu','2020-04-08','VND',30,50,0,'','4',100,'1000000',1,'1000000000',105000000,'','13','2020-04-08 12:47:26','13','2020-04-17 08:13:54',NULL,'2020-04-08 12:47:26'),(223,1,'1','Mua nhà','2020-04-15','VND',41,50,0,'','2',400,'1000000',900,'1000000',420000000,'','2','2020-04-15 10:27:03','1','2020-04-27 11:29:37',NULL,'2020-04-15 10:27:03'),(224,1,'0','Nghỉ hưu','2020-04-15','VND',41,70,0,'','2',490,'1000000',820,'1000000',510000000,'','2','2020-04-15 10:29:12','1','2020-04-24 10:41:53',NULL,'2020-04-15 10:29:12'),(225,2,'0','Kế hoạch nghỉ hưu','2020-04-16','VND',32,55,0,'','0',800,'1000000',7,'1000000000',800000000,'','3','2020-04-16 10:16:05','3','2020-04-16 10:18:49',NULL,'2020-04-16 10:16:05'),(226,19,'2','Kế hoạch mua nhà','2020-04-17','VND',22,42,0,'','6',45,'1000000',2,'1000000000',151000000,'','13','2020-04-17 08:00:46','13','2020-06-02 04:37:31',NULL,'2020-04-17 08:00:46'),(227,19,'2','Ngân sách','2020-04-29','VND',30,45,0,'','6',1,'1000000',4.5,'1000000000',1000000,'','13','2020-04-29 09:55:27','13','2020-04-29 10:21:01','2020-04-29 10:21:01','2020-04-29 09:55:27'),(228,26,'1','svv','2020-05-06','VND',25,40,0,'','9',5,'1000000',2.5,'1000000000',10000000,'','15','2020-05-06 09:09:30','15','2020-05-06 09:28:44',NULL,'2020-05-06 09:09:30'),(229,1,'0','aaaa','2020-05-19','VND',41,50,0,'','',383,'1000000',784.5,'1000000',0,'','2','2020-05-19 09:38:48','2','2020-05-19 09:38:48',NULL,'2020-05-19 09:38:48'),(230,19,'0','Du lịch thế giới','2020-05-20','VND',30,45,0,'','6',150,'1000000',395,'1000000',150000000,'','13','2020-05-20 07:26:26','13','2020-05-20 07:26:26',NULL,'2020-05-20 07:26:26'),(231,3,'0','aaaa','2020-05-20','VND',24,49,0,'','',820,'1000000',579,'1000000',0,'','4','2020-05-20 07:52:25','4','2020-05-20 07:52:25',NULL,'2020-05-20 07:52:25'),(232,19,'0','iiii','2020-06-04','VND',22,50,0,'','4',1,'1000000000',5,'1000000000',1005000000,'','13','2020-06-04 09:26:35','13','2020-06-04 09:33:35',NULL,'2020-06-04 09:26:35');
/*!40000 ALTER TABLE `cash_plans` ENABLE KEYS */;
UNLOCK TABLES;

--
-- Table structure for table `contracts`
--

DROP TABLE IF EXISTS `contracts`;
/*!40101 SET @saved_cs_client     = @@character_set_client */;
/*!40101 SET character_set_client = utf8 */;
CREATE TABLE `contracts` (
  `id` bigint(20) NOT NULL AUTO_INCREMENT,
  `customer_id` int(20) NOT NULL,
  `contractno` varchar(50) COLLATE utf8_unicode_ci NOT NULL DEFAULT '',
  `contractcode` varchar(10) COLLATE utf8_unicode_ci DEFAULT NULL,
  `contractdate` date NOT NULL DEFAULT '0000-00-00',
  `contractstatustype` varchar(10) COLLATE utf8_unicode_ci DEFAULT NULL,
  `currency` varchar(20) COLLATE utf8_unicode_ci DEFAULT NULL,
  `term` varchar(10) COLLATE utf8_unicode_ci DEFAULT NULL,
  `termtype` varchar(10) COLLATE utf8_unicode_ci DEFAULT NULL,
  `lastcontractdate` date NOT NULL DEFAULT '0000-00-00',
  `personalcashflow` varchar(10) COLLATE utf8_unicode_ci DEFAULT NULL,
  `invest` varchar(10) COLLATE utf8_unicode_ci DEFAULT NULL,
  `saving` varchar(10) COLLATE utf8_unicode_ci DEFAULT NULL,
  `financial` varchar(10) COLLATE utf8_unicode_ci DEFAULT NULL,
  `service_product_id` int(20) NOT NULL,
  `service_product_code` varchar(10) COLLATE utf8_unicode_ci DEFAULT NULL,
  `service_product_name` varchar(50) COLLATE utf8_unicode_ci DEFAULT NULL,
  `service_product_price` int(20) NOT NULL,
  `payment` varchar(5) COLLATE utf8_unicode_ci DEFAULT NULL,
  `paymentmethod` varchar(20) COLLATE utf8_unicode_ci DEFAULT NULL,
  `description` varchar(500) COLLATE utf8_unicode_ci DEFAULT NULL,
  `finish` varchar(5) COLLATE utf8_unicode_ci DEFAULT NULL,
  `finishdate` date DEFAULT NULL,
  `officer_user_id` varchar(20) COLLATE utf8_unicode_ci DEFAULT NULL,
  `approved` varchar(5) COLLATE utf8_unicode_ci DEFAULT NULL,
  `approved_user_id` varchar(20) COLLATE utf8_unicode_ci DEFAULT NULL,
  `approved_at` date DEFAULT NULL,
  `approvestatustype` varchar(10) COLLATE utf8_unicode_ci DEFAULT NULL,
  `created_user_id` varchar(20) COLLATE utf8_unicode_ci NOT NULL DEFAULT '',
  `created_at` timestamp NOT NULL DEFAULT '0000-00-00 00:00:00',
  `updated_user_id` varchar(20) COLLATE utf8_unicode_ci NOT NULL DEFAULT '',
  `updated_at` timestamp NOT NULL DEFAULT '0000-00-00 00:00:00',
  `deleted_at` timestamp NULL DEFAULT NULL,
  `insertpointoftime` timestamp NOT NULL DEFAULT current_timestamp(),
  PRIMARY KEY (`id`)
) ENGINE=InnoDB AUTO_INCREMENT=175 DEFAULT CHARSET=utf8 COLLATE=utf8_unicode_ci;
/*!40101 SET character_set_client = @saved_cs_client */;

--
-- Dumping data for table `contracts`
--

LOCK TABLES `contracts` WRITE;
/*!40000 ALTER TABLE `contracts` DISABLE KEYS */;
INSERT INTO `contracts` VALUES (4,1,'HD04052000000001','00000001','2020-05-04','1','VND','1','Y','2020-08-04','1','1','1','1',3,'N01','Năm',950000,NULL,NULL,NULL,NULL,NULL,'5',NULL,'2','2020-05-05','P','','2020-05-04 09:10:42','1','2020-05-05 09:34:15','2020-05-05 09:34:15','2020-05-04 09:10:42'),(5,1,'HD05052000000002','00000002','2020-05-05','1','VND','1','Y','2020-05-05','1','1','1','1',3,'N01','Năm',950000,NULL,NULL,'','0','0000-00-00','','0','','0000-00-00','P','','2020-05-05 09:26:30','','2020-05-05 09:34:11','2020-05-05 09:34:11','2020-05-05 09:26:30'),(6,1,'HD05052000000003','00000003','2020-05-05','1','VND','1','Y','2020-05-05','1','1','1','1',3,'N01','Năm',950000,NULL,NULL,'','0','0000-00-00','','0','','0000-00-00','P','','2020-05-05 09:27:21','','2020-05-05 09:34:18','2020-05-05 09:34:18','2020-05-05 09:27:21'),(7,1,'HD05052000000004','00000004','2020-05-05','1','VND','1','P','2020-05-05','1','1','1','1',2,'Q01','Quý',267000,NULL,NULL,'','0','0000-00-00','','0','','0000-00-00','P','','2020-05-05 09:27:54','','2020-05-05 09:34:22','2020-05-05 09:34:22','2020-05-05 09:27:54'),(8,1,'HD05052000000005','00000005','2020-05-05','1','VND','1','M','2020-05-05','1','1','1','1',1,'T01','Tháng',99000,NULL,NULL,'','0','0000-00-00','','0','','0000-00-00','P','','2020-05-05 09:28:14','','2020-05-05 09:34:25','2020-05-05 09:34:25','2020-05-05 09:28:14'),(9,1,'HD05052000000006','00000006','2020-05-05','1','VND','1','M','2020-05-05','1','1','1','1',1,'T01','Tháng',99000,NULL,NULL,'','0','0000-00-00','','0','','0000-00-00','P','','2020-05-05 09:28:43','','2020-05-05 09:34:28','2020-05-05 09:34:28','2020-05-05 09:28:43'),(11,1,'HD05052000000001','00000001','2020-05-05','2','VND','1','p','2020-08-05','1','1','1','1',2,'Q01','Quý',267000,'0',NULL,NULL,NULL,NULL,'7',NULL,'2','2020-05-11','A','','2020-05-05 09:36:03','1','2020-06-09 07:29:45',NULL,'2020-05-05 09:36:03'),(12,1,'HD05052000000002','00000002','2020-05-05','2','VND','1','y','2021-05-05','1','1','1','1',3,'N01','Năm',950000,'1',NULL,NULL,NULL,NULL,'5',NULL,'2','2020-06-09','A','','2020-05-05 09:36:16','1','2020-06-09 10:15:06',NULL,'2020-05-05 09:36:16'),(13,1,'HD05052000000003','00000003','2020-06-16','1','VND','1','y','2020-07-31','1','1','1','1',3,'N01','Năm',950000,'0',NULL,NULL,NULL,NULL,NULL,NULL,NULL,'0000-00-00','P','','2020-05-05 09:45:23','1','2020-06-10 10:29:52',NULL,'2020-05-05 09:45:23'),(14,33,'HD05052000000004','00000004','2020-05-05','1','VND','1','Y','2021-05-05','1','1','1','1',3,'N01','Năm',950000,NULL,NULL,'','0','0000-00-00','','0','','0000-00-00','P','','2020-05-05 10:02:59','','2020-05-05 10:02:59',NULL,'2020-05-05 10:02:59'),(15,1,'HD07052000000005','00000005','2020-05-01','1','VND','1','m','2020-05-04','1','1','1','1',1,'T01','Tháng',99000,'0',NULL,NULL,NULL,NULL,NULL,NULL,NULL,'0000-00-00','P','','2020-05-07 06:30:17','1','2020-06-10 08:45:08',NULL,'2020-05-07 06:30:17'),(16,1,'HD07052000000006','00000006','2020-05-07','1','VND','1','M','2020-06-07','1','1','1','1',1,'T01','Tháng',99000,NULL,NULL,'','0','0000-00-00','','0','','0000-00-00','P','','2020-05-07 06:31:07','','2020-05-07 06:31:07',NULL,'2020-05-07 06:31:07'),(17,1,'HD07052000000007','00000007','2020-05-07','1','VND','1','M','2020-06-07','1','1','1','1',1,'T01','Tháng',99000,NULL,NULL,'','0','0000-00-00','','0','','0000-00-00','P','','2020-05-07 06:47:33','','2020-05-07 06:47:33',NULL,'2020-05-07 06:47:33'),(18,1,'HD07052000000008','00000008','2020-05-07','1','VND','1','M','2020-06-07','1','1','1','1',1,'T01','Tháng',99000,NULL,NULL,'','0','0000-00-00','','0','','0000-00-00','P','','2020-05-07 06:52:17','','2020-05-07 06:52:17',NULL,'2020-05-07 06:52:17'),(19,1,'HD07052000000009','00000009','2020-05-07','1','VND','1','Y','2021-05-07','1','1','1','1',3,'N01','Năm',950000,NULL,NULL,'','0','0000-00-00','','0','','0000-00-00','P','','2020-05-07 06:55:16','','2020-05-07 06:55:16',NULL,'2020-05-07 06:55:16'),(20,1,'HD07052000000010','00000010','2020-05-07','1','VND','1','Y','2021-05-07','1','1','1','1',3,'N01','Năm',950000,NULL,NULL,'','0','0000-00-00','','0','','0000-00-00','P','','2020-05-07 06:56:16','','2020-05-07 06:56:16',NULL,'2020-05-07 06:56:16'),(21,1,'HD07052000000011','00000011','2020-05-07','1','VND','1','Y','2021-05-07','1','1','1','1',3,'N01','Năm',950000,NULL,NULL,'','0','0000-00-00','','0','','0000-00-00','P','','2020-05-07 06:57:31','','2020-05-07 06:57:31',NULL,'2020-05-07 06:57:31'),(22,1,'HD07052000000012','00000012','2020-05-07','3','VND','1','m','2020-06-07','1','1','1','1',1,'T01','Tháng',99000,'0',NULL,NULL,NULL,NULL,NULL,NULL,NULL,'0000-00-00','P','','2020-05-07 07:35:01','1','2020-06-10 01:59:45',NULL,'2020-05-07 07:35:01'),(23,1,'HD07052000000013','00000013','2020-05-07','1','VND','1','P','2020-08-07','1','1','1','1',2,'Q01','Quý',267000,NULL,NULL,'','0','0000-00-00','','0','','0000-00-00','P','','2020-05-07 08:01:53','','2020-05-07 08:01:53',NULL,'2020-05-07 08:01:53'),(24,1,'HD07052000000014','00000014','2020-05-07','1','VND','1','P','2020-08-07','1','1','1','1',2,'Q01','Quý',267000,NULL,NULL,'','0','0000-00-00','','0','','0000-00-00','P','','2020-05-07 08:04:55','','2020-05-07 08:04:55',NULL,'2020-05-07 08:04:55'),(25,1,'HD07052000000015','00000015','2020-05-07','1','VND','1','Y','2021-05-07','1','1','1','1',3,'N01','Năm',950000,NULL,NULL,'','0','0000-00-00','','0','','0000-00-00','P','','2020-05-07 08:07:46','','2020-05-07 08:07:46',NULL,'2020-05-07 08:07:46'),(26,1,'HD07052000000016','00000016','2020-05-07','1','VND','1','Y','2021-05-07','1','1','1','1',3,'N01','Năm',950000,NULL,NULL,'','0','0000-00-00','','0','','0000-00-00','P','','2020-05-07 08:24:28','','2020-05-07 08:24:28',NULL,'2020-05-07 08:24:28'),(27,1,'HD07052000000017','00000017','2020-05-07','1','VND','1','P','2020-08-07','1','1','1','1',2,'Q01','Quý',267000,NULL,NULL,'','0','0000-00-00','','0','','0000-00-00','P','','2020-05-07 08:26:51','','2020-05-07 08:26:51',NULL,'2020-05-07 08:26:51'),(28,1,'HD07052000000018','00000018','2020-05-07','1','VND','1','P','2020-08-07','1','1','1','1',2,'Q01','Quý',267000,NULL,NULL,'','0','0000-00-00','','0','','0000-00-00','P','','2020-05-07 08:28:33','','2020-05-07 08:28:33',NULL,'2020-05-07 08:28:33'),(29,1,'HD07052000000019','00000019','2020-05-07','1','VND','1','Y','2021-05-07','1','1','1','1',3,'N01','Năm',950000,NULL,NULL,'','0','0000-00-00','','0','','0000-00-00','P','','2020-05-07 08:28:53','','2020-05-07 08:28:53',NULL,'2020-05-07 08:28:53'),(30,1,'HD07052000000020','00000020','2020-05-07','1','VND','1','P','2020-08-07','1','1','1','1',2,'Q01','Quý',267000,NULL,NULL,'','0','0000-00-00','','0','','0000-00-00','P','','2020-05-07 08:31:16','','2020-05-07 08:31:16',NULL,'2020-05-07 08:31:16'),(31,1,'HD07052000000021','00000021','2020-05-07','1','VND','1','P','2020-08-07','1','1','1','1',2,'Q01','Quý',267000,NULL,NULL,'','0','0000-00-00','','0','','0000-00-00','P','','2020-05-07 08:33:55','','2020-05-07 08:33:55',NULL,'2020-05-07 08:33:55'),(32,1,'HD07052000000022','00000022','2020-05-07','1','VND','1','P','2020-08-07','1','1','1','1',2,'Q01','Quý',267000,NULL,NULL,'','0','0000-00-00','','0','','0000-00-00','P','','2020-05-07 08:48:19','','2020-05-07 08:48:19',NULL,'2020-05-07 08:48:19'),(33,1,'HD07052000000023','00000023','2020-05-07','1','VND','1','P','2020-08-07','1','1','1','1',2,'Q01','Quý',267000,NULL,NULL,'','0','0000-00-00','','0','','0000-00-00','P','','2020-05-07 08:49:48','','2020-05-07 08:49:48',NULL,'2020-05-07 08:49:48'),(34,1,'HD07052000000024','00000024','2020-05-07','1','VND','1','P','2020-08-07','1','1','1','1',2,'Q01','Quý',267000,NULL,NULL,'','0','0000-00-00','','0','','0000-00-00','P','','2020-05-07 09:32:29','','2020-05-07 09:32:29',NULL,'2020-05-07 09:32:29'),(35,1,'HD07052000000025','00000025','2020-05-07','1','VND','1','P','2020-08-07','1','1','1','1',2,'Q01','Quý',267000,NULL,NULL,'','0','0000-00-00','','0','','0000-00-00','P','','2020-05-07 09:33:06','','2020-05-07 09:33:06',NULL,'2020-05-07 09:33:06'),(36,1,'HD07052000000026','00000026','2020-05-07','1','VND','1','P','2020-08-07','1','1','1','1',2,'Q01','Quý',267000,NULL,NULL,'','0','0000-00-00','','0','','0000-00-00','P','','2020-05-07 09:33:31','','2020-05-07 09:33:31',NULL,'2020-05-07 09:33:31'),(37,1,'HD07052000000027','00000027','2020-05-07','1','VND','1','P','2020-08-07','1','1','1','1',2,'Q01','Quý',267000,NULL,NULL,'','0','0000-00-00','','0','','0000-00-00','P','','2020-05-07 09:34:59','','2020-05-07 09:34:59',NULL,'2020-05-07 09:34:59'),(38,1,'HD07052000000028','00000028','2020-05-07','1','VND','1','P','2020-08-07','1','1','1','1',2,'Q01','Quý',267000,NULL,NULL,'','0','0000-00-00','','0','','0000-00-00','P','','2020-05-07 09:45:18','','2020-05-07 09:45:18',NULL,'2020-05-07 09:45:18'),(39,1,'HD07052000000029','00000029','2020-05-07','1','VND','1','M','2020-06-07','1','1','1','1',1,'T01','Tháng',99000,NULL,NULL,'','0','0000-00-00','','0','','0000-00-00','P','','2020-05-07 09:45:34','','2020-05-07 09:45:34',NULL,'2020-05-07 09:45:34'),(40,1,'HD07052000000030','00000030','2020-05-07','1','VND','1','P','2020-08-07','1','1','1','1',2,'Q01','Quý',267000,NULL,NULL,'','0','0000-00-00','','0','','0000-00-00','P','','2020-05-07 09:46:52','','2020-05-07 09:46:52',NULL,'2020-05-07 09:46:52'),(41,1,'HD07052000000031','00000031','2020-05-07','1','VND','1','P','2020-08-07','1','1','1','1',2,'Q01','Quý',267000,NULL,NULL,'','0','0000-00-00','','0','','0000-00-00','P','','2020-05-07 09:48:21','','2020-05-07 09:48:21',NULL,'2020-05-07 09:48:21'),(42,1,'HD07052000000032','00000032','2020-05-07','1','VND','1','P','2020-08-07','1','1','1','1',2,'Q01','Quý',267000,NULL,NULL,'','0','0000-00-00','','0','','0000-00-00','P','','2020-05-07 09:49:12','','2020-05-07 09:49:12',NULL,'2020-05-07 09:49:12'),(43,1,'HD07052000000033','00000033','2020-05-07','1','VND','1','P','2020-08-07','1','1','1','1',2,'Q01','Quý',267000,NULL,NULL,'','0','0000-00-00','','0','','0000-00-00','P','','2020-05-07 09:58:30','','2020-05-07 09:58:30',NULL,'2020-05-07 09:58:30'),(44,1,'HD07052000000034','00000034','2020-05-07','1','VND','1','P','2020-08-07','1','1','1','1',2,'Q01','Quý',267000,NULL,NULL,'','0','0000-00-00','','0','','0000-00-00','P','','2020-05-07 10:18:53','','2020-05-07 10:18:53',NULL,'2020-05-07 10:18:53'),(45,1,'HD08052000000035','00000035','2020-05-08','1','VND','1','M','2020-06-08','1','1','1','1',1,'T01','Tháng',99000,NULL,NULL,'','0','0000-00-00','','0','','0000-00-00','P','','2020-05-08 02:41:37','','2020-05-08 02:41:37',NULL,'2020-05-08 02:41:37'),(46,1,'HD08052000000036','00000036','2020-05-08','1','VND','1','Y','2021-05-08','1','1','1','1',3,'N01','Năm',950000,NULL,NULL,'','0','0000-00-00','','0','','0000-00-00','P','','2020-05-08 03:19:11','','2020-05-08 03:19:11',NULL,'2020-05-08 03:19:11'),(47,1,'HD08052000000037','00000037','2020-05-08','1','VND','1','P','2020-08-08','1','1','1','1',2,'Q01','Quý',267000,NULL,NULL,'','0','0000-00-00','','0','','0000-00-00','P','','2020-05-08 03:40:32','','2020-05-08 03:40:32',NULL,'2020-05-08 03:40:32'),(48,1,'HD08052000000038','00000038','2020-05-08','1','VND','1','M','2020-06-08','1','1','1','1',1,'T01','Tháng',99000,NULL,NULL,'','0','0000-00-00','','0','','0000-00-00','P','','2020-05-08 03:50:03','2','2020-05-08 03:50:51',NULL,'2020-05-08 03:50:03'),(49,1,'HD08052000000039','00000039','2020-05-08','1','VND','1','M','2020-06-08','1','1','1','1',1,'T01','Tháng',99000,'1',NULL,'','0','0000-00-00','','0','','0000-00-00','P','','2020-05-08 03:53:50','2','2020-05-08 03:54:11',NULL,'2020-05-08 03:53:50'),(50,1,'HD08052000000040','00000040','2020-05-08','1','VND','1','P','2020-08-08','1','1','1','1',2,'Q01','Quý',267000,'1','2','','0','0000-00-00','','0','','0000-00-00','P','','2020-05-08 03:54:58','2','2020-05-08 03:55:25',NULL,'2020-05-08 03:54:58'),(51,34,'HD08052000000041','00000041','2020-05-08','1','VND','1','M','2020-06-08','1','1','1','1',1,'T01','Tháng',99000,NULL,NULL,'','0','0000-00-00','','0','','0000-00-00','P','','2020-05-08 07:32:38','','2020-05-08 07:32:38',NULL,'2020-05-08 07:32:38'),(52,35,'HD08052000000042','00000042','2020-05-08','1','VND','1','M','2020-06-08','1','1','1','1',1,'T01','Tháng',99000,NULL,NULL,'','0','0000-00-00','','0','','0000-00-00','P','','2020-05-08 07:33:50','','2020-05-08 07:33:50',NULL,'2020-05-08 07:33:50'),(53,1,'HD08052000000043','00000043','2020-05-08','1','VND','1','M','2020-06-08','1','1','1','1',1,'T01','Tháng',99000,NULL,NULL,'','0','0000-00-00','','0','','0000-00-00','P','','2020-05-08 07:40:15','','2020-05-08 07:40:15',NULL,'2020-05-08 07:40:15'),(54,1,'HD08052000000044','00000044','2020-05-08','1','VND','1','M','2020-06-08','1','1','1','1',1,'T01','Tháng',99000,NULL,NULL,'','0','0000-00-00','','0','','0000-00-00','P','','2020-05-08 07:45:05','','2020-05-08 07:45:05',NULL,'2020-05-08 07:45:05'),(55,37,'HD08052000000045','00000045','2020-05-08','1','VND','1','M','2020-06-08','1','1','1','1',1,'T01','Tháng',99000,NULL,NULL,'','0','0000-00-00','','0','','0000-00-00','P','','2020-05-08 07:50:30','','2020-05-08 07:50:30',NULL,'2020-05-08 07:50:30'),(56,38,'HD08052000000046','00000046','2020-05-08','1','VND','1','M','2020-06-08','1','1','1','1',1,'T01','Tháng',99000,NULL,NULL,'','0','0000-00-00','','0','','0000-00-00','P','','2020-05-08 07:51:10','','2020-05-08 07:51:10',NULL,'2020-05-08 07:51:10'),(57,39,'HD08052000000047','00000047','2020-05-08','1','VND','1','M','2020-06-08','1','1','1','1',1,'T01','Tháng',99000,NULL,NULL,'','0','0000-00-00','','0','','0000-00-00','P','','2020-05-08 07:55:08','','2020-05-08 07:55:08',NULL,'2020-05-08 07:55:08'),(58,40,'HD08052000000048','00000048','2020-05-08','1','VND','1','M','2020-06-08','1','1','1','1',1,'T01','Tháng',99000,NULL,NULL,'','0','0000-00-00','','0','','0000-00-00','P','','2020-05-08 07:59:32','','2020-05-08 07:59:32',NULL,'2020-05-08 07:59:32'),(59,41,'HD08052000000049','00000049','2020-05-08','1','VND','1','M','2020-06-08','1','1','1','1',1,'T01','Tháng',99000,NULL,NULL,'','0','0000-00-00','','0','','0000-00-00','P','','2020-05-08 08:16:31','','2020-05-08 08:16:31',NULL,'2020-05-08 08:16:31'),(60,42,'HD08052000000050','00000050','2020-05-08','1','VND','1','M','2020-06-08','1','1','1','1',1,'T01','Tháng',99000,NULL,NULL,'','0','0000-00-00','','0','','0000-00-00','P','','2020-05-08 08:18:08','','2020-05-08 08:18:08',NULL,'2020-05-08 08:18:08'),(61,43,'HD08052000000051','00000051','2020-05-08','1','VND','1','M','2020-06-08','1','1','1','1',1,'T01','Tháng',99000,NULL,NULL,'','0','0000-00-00','','0','','0000-00-00','P','','2020-05-08 08:20:12','','2020-05-08 08:20:12',NULL,'2020-05-08 08:20:12'),(62,44,'HD08052000000052','00000052','2020-05-08','1','VND','1','M','2020-06-08','1','1','1','1',1,'T01','Tháng',99000,NULL,NULL,'','0','0000-00-00','','0','','0000-00-00','P','','2020-05-08 08:22:17','','2020-05-08 08:22:17',NULL,'2020-05-08 08:22:17'),(63,45,'HD08052000000053','00000053','2020-05-08','1','VND','1','M','2020-06-08','1','1','1','1',1,'T01','Tháng',99000,NULL,NULL,'','0','0000-00-00','','0','','0000-00-00','P','','2020-05-08 08:23:39','','2020-05-08 08:23:39',NULL,'2020-05-08 08:23:39'),(64,46,'HD08052000000054','00000054','2020-05-08','1','VND','1','M','2020-06-08','1','1','1','1',1,'T01','Tháng',99000,NULL,NULL,'','0','0000-00-00','','0','','0000-00-00','P','','2020-05-08 08:24:17','','2020-05-08 08:24:17',NULL,'2020-05-08 08:24:17'),(65,47,'HD08052000000055','00000055','2020-05-08','1','VND','1','M','2020-06-08','1','1','1','1',1,'T01','Tháng',99000,NULL,NULL,'','0','0000-00-00','','0','','0000-00-00','P','','2020-05-08 08:40:58','','2020-05-08 08:40:58',NULL,'2020-05-08 08:40:58'),(66,48,'HD08052000000056','00000056','2020-05-08','1','VND','1','M','2020-06-08','1','1','1','1',1,'T01','Tháng',99000,NULL,NULL,'','0','0000-00-00','','0','','0000-00-00','P','','2020-05-08 08:51:22','','2020-05-08 08:51:22',NULL,'2020-05-08 08:51:22'),(67,49,'HD08052000000057','00000057','2020-05-08','1','VND','1','M','2020-06-08','1','1','1','1',1,'T01','Tháng',99000,NULL,NULL,'','0','0000-00-00','','0','','0000-00-00','P','','2020-05-08 08:52:07','','2020-05-08 08:52:07',NULL,'2020-05-08 08:52:07'),(68,50,'HD08052000000058','00000058','2020-05-08','1','VND','1','M','2020-06-08','1','1','1','1',1,'T01','Tháng',99000,NULL,NULL,'','0','0000-00-00','','0','','0000-00-00','P','','2020-05-08 09:05:46','','2020-05-08 09:05:46',NULL,'2020-05-08 09:05:46'),(69,51,'HD08052000000059','00000059','2020-05-08','1','VND','1','M','2020-06-08','1','1','1','1',1,'T01','Tháng',99000,NULL,NULL,'','0','0000-00-00','','0','','0000-00-00','P','','2020-05-08 09:06:19','','2020-05-08 09:06:19',NULL,'2020-05-08 09:06:19'),(70,52,'HD08052000000060','00000060','2020-05-08','1','VND','1','M','2020-06-08','1','1','1','1',1,'T01','Tháng',99000,'1','2','','0','0000-00-00','','0','','0000-00-00','P','','2020-05-08 09:08:24','','2020-05-08 09:09:06',NULL,'2020-05-08 09:08:24'),(71,53,'HD08052000000061','00000061','2020-05-08','1','VND','1','M','2020-06-08','1','1','1','1',1,'T01','Tháng',99000,NULL,NULL,'','0','0000-00-00','','0','','0000-00-00','P','','2020-05-08 09:18:52','','2020-05-08 09:18:52',NULL,'2020-05-08 09:18:52'),(72,54,'HD08052000000062','00000062','2020-05-08','1','VND','1','M','2020-06-08','1','1','1','1',1,'T01','Tháng',99000,'1','2','','0','0000-00-00','','0','','0000-00-00','P','','2020-05-08 09:19:33','','2020-05-08 09:20:19',NULL,'2020-05-08 09:19:33'),(73,55,'HD08052000000063','00000063','2020-05-08','1','VND','1','P','2020-08-08','1','1','1','1',2,'Q01','Quý',267000,'1','2','','0','0000-00-00','','0','','0000-00-00','P','','2020-05-08 09:20:59','','2020-05-08 09:21:19',NULL,'2020-05-08 09:20:59'),(74,56,'HD08052000000064','00000064','2020-05-08','1','VND','1','Y','2021-05-08','1','1','1','1',3,'N01','Năm',950000,'1','2','','0','0000-00-00','','0','','0000-00-00','P','','2020-05-08 09:22:47','','2020-05-08 09:23:31',NULL,'2020-05-08 09:22:47'),(75,57,'HD08052000000065','00000065','2020-05-08','1','VND','1','M','2020-06-08','1','1','1','1',1,'T01','Tháng',99000,NULL,NULL,'','0','0000-00-00','','0','','0000-00-00','P','','2020-05-08 09:23:50','','2020-05-08 09:23:50',NULL,'2020-05-08 09:23:50'),(76,58,'HD08052000000066','00000066','2020-05-08','1','VND','1','M','2020-06-08','1','1','1','1',1,'T01','Tháng',99000,NULL,NULL,'','0','0000-00-00','','0','','0000-00-00','P','','2020-05-08 09:24:46','','2020-05-08 09:24:46',NULL,'2020-05-08 09:24:46'),(77,59,'HD08052000000067','00000067','2020-05-08','1','VND','1','M','2020-06-08','1','1','1','1',1,'T01','Tháng',99000,NULL,NULL,'','0','0000-00-00','','0','','0000-00-00','P','','2020-05-08 09:25:57','','2020-05-08 09:25:57',NULL,'2020-05-08 09:25:57'),(78,60,'HD08052000000068','00000068','2020-05-08','1','VND','1','M','2020-06-08','1','1','1','1',1,'T01','Tháng',99000,NULL,NULL,'','0','0000-00-00','','0','','0000-00-00','P','','2020-05-08 10:03:52','','2020-05-08 10:03:52',NULL,'2020-05-08 10:03:52'),(79,61,'HD08052000000069','00000069','2020-05-08','1','VND','1','M','2020-06-08','1','1','1','1',1,'T01','Tháng',99000,NULL,NULL,'','0','0000-00-00','','0','','0000-00-00','P','','2020-05-08 10:04:18','','2020-05-08 10:04:18',NULL,'2020-05-08 10:04:18'),(80,62,'HD08052000000070','00000070','2020-05-08','1','VND','1','P','2020-08-08','1','1','1','1',2,'Q01','Quý',267000,NULL,NULL,'','0','0000-00-00','','0','','0000-00-00','P','','2020-05-08 10:10:14','','2020-05-08 10:10:14',NULL,'2020-05-08 10:10:14'),(81,63,'HD08052000000071','00000071','2020-05-08','1','VND','1','M','2020-06-08','1','1','1','1',1,'T01','Tháng',99000,NULL,NULL,'','0','0000-00-00','','0','','0000-00-00','P','','2020-05-08 10:15:14','','2020-05-08 10:15:14',NULL,'2020-05-08 10:15:14'),(82,64,'HD08052000000072','00000072','2020-05-08','1','VND','1','M','2020-06-08','1','1','1','1',1,'T01','Tháng',99000,'1','2','','0','0000-00-00','','0','','0000-00-00','P','','2020-05-08 10:28:16','','2020-05-08 10:30:40',NULL,'2020-05-08 10:28:16'),(83,1,'HD08052000000073','00000073','2020-05-08','1','VND','1','Y','2021-05-08','1','1','1','1',3,'N01','Năm',950000,'1','2','','0','0000-00-00','','0','','0000-00-00','P','','2020-05-08 10:31:05','','2020-05-08 10:31:26',NULL,'2020-05-08 10:31:05'),(84,34,'HD08052000000074','00000074','2020-05-08','1','VND','1','p','2020-05-08','1','1','1','1',2,'Q01','Quý',267000,NULL,NULL,'','0','0000-00-00','','0','','0000-00-00','P','','2020-05-08 10:42:57','','2020-05-08 10:42:57',NULL,'2020-05-08 10:42:57'),(85,35,'HD08052000000075','00000075','2020-05-08','1','VND','1','p','2020-05-08','1','1','1','1',2,'Q01','Quý',267000,NULL,NULL,'','0','0000-00-00','','0','','0000-00-00','P','','2020-05-08 10:44:53','','2020-05-08 10:44:53',NULL,'2020-05-08 10:44:53'),(86,36,'HD08052000000076','00000076','2020-05-08','1','VND','1','y','2020-05-08','1','1','1','1',3,'N01','Năm',950000,'1','2','','0','0000-00-00','','0','','0000-00-00','P','','2020-05-08 10:49:58','','2020-05-08 10:50:47',NULL,'2020-05-08 10:49:58'),(87,1,'HD08052000000077','00000077','2020-05-08','1','VND','1','p','2020-05-08','1','1','1','1',2,'Q01','Quý',267000,'1','2','','0','0000-00-00','','0','','0000-00-00','P','','2020-05-08 10:51:06','','2020-05-08 10:51:24',NULL,'2020-05-08 10:51:06'),(88,37,'HD11052000000078','00000078','2020-05-11','1','VND','1','m','2020-05-11','1','1','1','1',1,'T01','Tháng',99000,NULL,NULL,'','0','0000-00-00','','0','','0000-00-00','P','','2020-05-11 02:06:56','','2020-05-11 02:06:56',NULL,'2020-05-11 02:06:56'),(89,38,'HD11052000000079','00000079','2020-05-11','1','VND','1','m','2020-05-11','1','1','1','1',1,'T01','Tháng',99000,NULL,NULL,'','0','0000-00-00','','0','','0000-00-00','P','','2020-05-11 02:15:25','','2020-05-11 02:15:25',NULL,'2020-05-11 02:15:25'),(90,39,'HD11052000000080','00000080','2020-05-11','1','VND','1','p','2020-05-11','1','1','1','1',2,'Q01','Quý',267000,NULL,NULL,'','0','0000-00-00','','0','','0000-00-00','P','','2020-05-11 02:48:43','','2020-05-11 02:48:43',NULL,'2020-05-11 02:48:43'),(91,40,'HD12052000000081','00000081','2020-05-12','1','VND','1','m','2020-05-12','1','1','1','1',1,'T01','Tháng',99000,NULL,NULL,'','0','0000-00-00','','0','','0000-00-00','P','','2020-05-12 01:16:06','','2020-05-12 01:16:06',NULL,'2020-05-12 01:16:06'),(92,41,'HD12052000000082','00000082','2020-05-12','1','VND','1','m','2020-05-12','1','1','1','1',1,'T01','Tháng',99000,NULL,NULL,'','0','0000-00-00','','0','','0000-00-00','P','','2020-05-12 02:32:11','','2020-05-12 02:32:11',NULL,'2020-05-12 02:32:11'),(93,42,'HD12052000000083','00000083','2020-05-12','1','VND','1','m','2020-05-12','1','1','1','1',1,'T01','Tháng',99000,NULL,NULL,'','0','0000-00-00','','0','','0000-00-00','P','','2020-05-12 02:40:03','','2020-05-12 02:40:03',NULL,'2020-05-12 02:40:03'),(94,43,'HD12052000000084','00000084','2020-05-12','1','VND','1','m','2020-05-12','1','1','1','1',1,'T01','Tháng',99000,NULL,NULL,'','0','0000-00-00','','0','','0000-00-00','P','','2020-05-12 03:11:24','','2020-05-12 03:11:24',NULL,'2020-05-12 03:11:24'),(95,44,'HD12052000000085','00000085','2020-05-12','1','VND','1','m','2020-05-12','1','1','1','1',1,'T01','Tháng',99000,NULL,NULL,'','0','0000-00-00','','0','','0000-00-00','P','','2020-05-12 03:15:21','','2020-05-12 03:15:21',NULL,'2020-05-12 03:15:21'),(96,45,'HD12052000000086','00000086','2020-05-12','1','VND','1','m','2020-05-12','1','1','1','1',1,'T01','Tháng',99000,NULL,NULL,'','0','0000-00-00','','0','','0000-00-00','P','','2020-05-12 03:18:30','','2020-05-12 03:18:30',NULL,'2020-05-12 03:18:30'),(97,46,'HD12052000000087','00000087','2020-05-12','1','VND','1','m','2020-05-12','1','1','1','1',1,'T01','Tháng',99000,NULL,NULL,'','0','0000-00-00','','0','','0000-00-00','P','','2020-05-12 03:21:27','','2020-05-12 03:21:27',NULL,'2020-05-12 03:21:27'),(98,47,'HD12052000000088','00000088','2020-05-12','1','VND','1','m','2020-05-12','1','1','1','1',1,'T01','Tháng',99000,NULL,NULL,'','0','0000-00-00','','0','','0000-00-00','P','','2020-05-12 03:34:05','','2020-05-12 03:34:05',NULL,'2020-05-12 03:34:05'),(99,48,'HD12052000000089','00000089','2020-05-12','1','VND','1','m','2020-05-12','1','1','1','1',1,'T01','Tháng',99000,NULL,NULL,'','0','0000-00-00','','0','','0000-00-00','P','','2020-05-12 03:48:00','','2020-05-12 03:48:00',NULL,'2020-05-12 03:48:00'),(100,49,'HD12052000000090','00000090','2020-05-12','1','VND','1','m','2020-05-12','1','1','1','1',1,'T01','Tháng',99000,NULL,NULL,'','0','0000-00-00','','0','','0000-00-00','P','','2020-05-12 03:51:18','','2020-05-12 03:51:18',NULL,'2020-05-12 03:51:18'),(101,50,'HD12052000000091','00000091','2020-05-12','1','VND','1','m','2020-05-12','1','1','1','1',1,'T01','Tháng',99000,NULL,NULL,'','0','0000-00-00','','0','','0000-00-00','P','','2020-05-12 03:52:33','','2020-05-12 03:52:33',NULL,'2020-05-12 03:52:33'),(102,51,'HD12052000000092','00000092','2020-05-12','1','VND','1','m','2020-05-12','1','1','1','1',1,'T01','Tháng',99000,NULL,NULL,'','0','0000-00-00','','0','','0000-00-00','P','','2020-05-12 04:02:32','','2020-05-12 04:02:32',NULL,'2020-05-12 04:02:32'),(103,52,'HD12052000000093','00000093','2020-05-12','1','VND','1','m','2020-05-12','1','1','1','1',1,'T01','Tháng',99000,NULL,NULL,'','0','0000-00-00','','0','','0000-00-00','P','','2020-05-12 04:19:30','','2020-05-12 04:19:30',NULL,'2020-05-12 04:19:30'),(104,53,'HD12052000000094','00000094','2020-05-12','1','VND','1','m','2020-05-12','1','1','1','1',1,'T01','Tháng',99000,NULL,NULL,'','0','0000-00-00','','0','','0000-00-00','P','','2020-05-12 04:24:09','','2020-05-12 04:24:09',NULL,'2020-05-12 04:24:09'),(105,54,'HD12052000000095','00000095','2020-05-12','1','VND','1','m','2020-05-12','1','1','1','1',1,'T01','Tháng',99000,NULL,NULL,'','0','0000-00-00','','0','','0000-00-00','P','','2020-05-12 04:31:49','','2020-05-12 04:31:49',NULL,'2020-05-12 04:31:49'),(106,55,'HD12052000000096','00000096','2020-05-12','1','VND','1','m','2020-05-12','1','1','1','1',1,'T01','Tháng',99000,NULL,NULL,'','0','0000-00-00','','0','','0000-00-00','P','','2020-05-12 04:33:14','','2020-05-12 04:33:14',NULL,'2020-05-12 04:33:14'),(107,56,'HD12052000000097','00000097','2020-05-12','1','VND','1','m','2020-05-12','1','1','1','1',1,'T01','Tháng',99000,NULL,NULL,'','0','0000-00-00','','0','','0000-00-00','P','','2020-05-12 04:34:19','','2020-05-12 04:34:19',NULL,'2020-05-12 04:34:19'),(108,57,'HD12052000000098','00000098','2020-05-12','1','VND','1','m','2020-05-12','1','1','1','1',1,'T01','Tháng',99000,NULL,NULL,'','0','0000-00-00','','0','','0000-00-00','P','','2020-05-12 04:36:54','','2020-05-12 04:36:54',NULL,'2020-05-12 04:36:54'),(109,58,'HD12052000000099','00000099','2020-05-12','1','VND','1','m','2020-05-12','1','1','1','1',1,'T01','Tháng',99000,NULL,NULL,'','0','0000-00-00','','0','','0000-00-00','P','','2020-05-12 04:48:31','','2020-05-12 04:48:31',NULL,'2020-05-12 04:48:31'),(110,59,'HD12052000000100','00000100','2020-05-12','1','VND','1','m','2020-05-12','1','1','1','1',1,'T01','Tháng',99000,NULL,NULL,'','0','0000-00-00','','0','','0000-00-00','P','','2020-05-12 04:53:54','','2020-05-12 04:53:54',NULL,'2020-05-12 04:53:54'),(111,60,'HD12052000000101','00000101','2020-05-12','1','VND','1','m','2020-05-12','1','1','1','1',1,'T01','Tháng',99000,NULL,NULL,'','0','0000-00-00','','0','','0000-00-00','P','','2020-05-12 05:06:41','','2020-05-12 05:06:41',NULL,'2020-05-12 05:06:41'),(112,61,'HD12052000000102','00000102','2020-05-12','1','VND','1','m','2020-05-12','1','1','1','1',1,'T01','Tháng',99000,NULL,NULL,'','0','0000-00-00','','0','','0000-00-00','P','','2020-05-12 05:09:30','','2020-05-12 05:09:30',NULL,'2020-05-12 05:09:30'),(113,62,'HD12052000000103','00000103','2020-05-12','1','VND','1','m','2020-05-12','1','1','1','1',1,'T01','Tháng',99000,NULL,NULL,'','0','0000-00-00','','0','','0000-00-00','P','','2020-05-12 07:29:42','','2020-05-12 07:29:42',NULL,'2020-05-12 07:29:42'),(114,63,'HD12052000000104','00000104','2020-05-12','1','VND','1','m','2020-05-12','1','1','1','1',1,'T01','Tháng',99000,NULL,NULL,'','0','0000-00-00','','0','','0000-00-00','P','','2020-05-12 07:35:01','','2020-05-12 07:35:01',NULL,'2020-05-12 07:35:01'),(115,64,'HD12052000000105','00000105','2020-05-12','1','VND','1','m','2020-05-12','1','1','1','1',1,'T01','Tháng',99000,NULL,NULL,'','0','0000-00-00','','0','','0000-00-00','P','','2020-05-12 07:40:13','','2020-05-12 07:40:13',NULL,'2020-05-12 07:40:13'),(116,65,'HD12052000000106','00000106','2020-05-12','1','VND','1','m','2020-05-12','1','1','1','1',1,'T01','Tháng',99000,NULL,NULL,'','0','0000-00-00','','0','','0000-00-00','P','','2020-05-12 07:42:20','','2020-05-12 07:42:20',NULL,'2020-05-12 07:42:20'),(117,66,'HD12052000000107','00000107','2020-05-12','1','VND','1','m','2020-05-12','1','1','1','1',1,'T01','Tháng',99000,NULL,NULL,'','0','0000-00-00','','0','','0000-00-00','P','','2020-05-12 07:48:20','','2020-05-12 07:48:20',NULL,'2020-05-12 07:48:20'),(118,67,'HD12052000000108','00000108','2020-05-12','1','VND','1','m','2020-05-12','1','1','1','1',1,'T01','Tháng',99000,NULL,NULL,'','0','0000-00-00','','0','','0000-00-00','P','','2020-05-12 08:16:37','','2020-05-12 08:16:37',NULL,'2020-05-12 08:16:37'),(119,68,'HD12052000000109','00000109','2020-05-12','1','VND','1','m','2020-05-12','1','1','1','1',1,'T01','Tháng',99000,NULL,NULL,'','0','0000-00-00','','0','','0000-00-00','P','','2020-05-12 08:23:39','','2020-05-12 08:23:39',NULL,'2020-05-12 08:23:39'),(120,69,'HD12052000000110','00000110','2020-05-12','1','VND','1','m','2020-05-12','1','1','1','1',1,'T01','Tháng',99000,NULL,NULL,'','0','0000-00-00','','0','','0000-00-00','P','','2020-05-12 08:27:37','','2020-05-12 08:27:37',NULL,'2020-05-12 08:27:37'),(121,70,'HD12052000000111','00000111','2020-05-12','1','VND','1','m','2020-05-12','1','1','1','1',1,'T01','Tháng',99000,NULL,NULL,'','0','0000-00-00','','0','','0000-00-00','P','','2020-05-12 08:29:27','','2020-05-12 08:29:27',NULL,'2020-05-12 08:29:27'),(122,71,'HD12052000000112','00000112','2020-05-12','1','VND','1','m','2020-05-12','1','1','1','1',1,'T01','Tháng',99000,NULL,NULL,'','0','0000-00-00','','0','','0000-00-00','P','','2020-05-12 08:34:40','','2020-05-12 08:34:40',NULL,'2020-05-12 08:34:40'),(123,72,'HD12052000000113','00000113','2020-05-12','1','VND','1','m','2020-05-12','1','1','1','1',1,'T01','Tháng',99000,NULL,NULL,'','0','0000-00-00','','0','','0000-00-00','P','','2020-05-12 08:36:50','','2020-05-12 08:36:50',NULL,'2020-05-12 08:36:50'),(124,73,'HD12052000000114','00000114','2020-05-12','1','VND','1','m','2020-05-12','1','1','1','1',1,'T01','Tháng',99000,NULL,NULL,'','0','0000-00-00','','0','','0000-00-00','P','','2020-05-12 08:37:33','','2020-05-12 08:37:33',NULL,'2020-05-12 08:37:33'),(125,74,'HD12052000000115','00000115','2020-05-12','1','VND','1','p','2020-05-12','1','1','1','1',2,'Q01','Quý',267000,NULL,NULL,'','0','0000-00-00','','0','','0000-00-00','P','','2020-05-12 08:38:03','','2020-05-12 08:38:03',NULL,'2020-05-12 08:38:03'),(126,75,'HD12052000000116','00000116','2020-05-12','1','VND','1','m','2020-05-12','1','1','1','1',1,'T01','Tháng',99000,NULL,NULL,'','0','0000-00-00','','0','','0000-00-00','P','','2020-05-12 08:40:41','','2020-05-12 08:40:41',NULL,'2020-05-12 08:40:41'),(127,76,'HD12052000000117','00000117','2020-05-12','1','VND','1','m','2020-05-12','1','1','1','1',1,'T01','Tháng',99000,NULL,NULL,'','0','0000-00-00','','0','','0000-00-00','P','','2020-05-12 08:42:37','','2020-05-12 08:42:37',NULL,'2020-05-12 08:42:37'),(128,77,'HD12052000000118','00000118','2020-05-12','1','VND','1','m','2020-05-12','1','1','1','1',1,'T01','Tháng',99000,NULL,NULL,'','0','0000-00-00','','0','','0000-00-00','P','','2020-05-12 08:46:46','','2020-05-12 08:46:46',NULL,'2020-05-12 08:46:46'),(129,78,'HD12052000000119','00000119','2020-05-12','1','VND','1','m','2020-05-12','1','1','1','1',1,'T01','Tháng',99000,NULL,NULL,'','0','0000-00-00','','0','','0000-00-00','P','','2020-05-12 08:50:12','','2020-05-12 08:50:12',NULL,'2020-05-12 08:50:12'),(130,79,'HD12052000000120','00000120','2020-05-12','1','VND','1','y','2020-05-12','1','1','1','1',3,'N01','Năm',950000,NULL,NULL,'','0','0000-00-00','','0','','0000-00-00','P','','2020-05-12 08:54:13','','2020-05-12 08:54:13',NULL,'2020-05-12 08:54:13'),(131,80,'HD12052000000121','00000121','2020-05-12','1','VND','1','m','2020-05-12','1','1','1','1',1,'T01','Tháng',99000,NULL,NULL,'','0','0000-00-00','','0','','0000-00-00','P','','2020-05-12 09:51:13','','2020-05-12 09:51:13',NULL,'2020-05-12 09:51:13'),(132,1,'HD12052000000122','00000122','2020-05-12','1','VND','1','p','2020-05-12','1','1','1','1',2,'Q01','Quý',267000,NULL,NULL,'','0','0000-00-00','','0','','0000-00-00','P','','2020-05-12 10:01:52','','2020-05-12 10:01:52',NULL,'2020-05-12 10:01:52'),(133,81,'HD12052000000123','00000123','2020-05-12','1','VND','1','y','2020-05-12','1','1','1','1',3,'N01','Năm',950000,NULL,NULL,'','0','0000-00-00','','0','','0000-00-00','P','','2020-05-12 10:02:31','','2020-05-12 10:02:31',NULL,'2020-05-12 10:02:31'),(134,82,'HD13052000000124','00000124','2020-05-13','1','VND','1','p','2020-05-13','1','1','1','1',2,'Q01','Quý',267000,'1','2','','0','0000-00-00','','0','','0000-00-00','P','','2020-05-13 08:00:07','','2020-05-13 08:44:14',NULL,'2020-05-13 08:00:07'),(135,1,'HD14052000000125','00000125','2020-05-14','1','VND','1','p','2020-05-14','1','1','1','1',2,'Q01','Quý',267000,NULL,NULL,'','0','0000-00-00','','0','','0000-00-00','P','','2020-05-14 02:51:15','','2020-05-14 02:51:15',NULL,'2020-05-14 02:51:15'),(136,1,'HD14052000000126','00000126','2020-05-14','1','VND','1','p','2020-05-14','1','1','1','1',2,'Q01','Quý',267000,NULL,NULL,'','0','0000-00-00','','0','','0000-00-00','P','','2020-05-14 07:34:39','','2020-05-14 07:34:39',NULL,'2020-05-14 07:34:39'),(137,1,'HD14052000000127','00000127','2020-05-14','1','VND','1','p','2020-05-14','1','1','1','1',2,'Q01','Quý',267000,NULL,NULL,'','0','0000-00-00','','0','','0000-00-00','P','','2020-05-14 07:36:54','','2020-05-14 07:36:54',NULL,'2020-05-14 07:36:54'),(138,1,'HD14052000000128','00000128','2020-05-14','1','VND','1','p','2020-05-14','1','1','1','1',2,'Q01','Quý',267000,NULL,NULL,'','0','0000-00-00','','0','','0000-00-00','P','','2020-05-14 09:11:30','','2020-05-14 09:11:30',NULL,'2020-05-14 09:11:30'),(139,1,'HD14052000000129','00000129','2020-05-14','1','VND','1','p','2020-05-14','1','1','1','1',2,'Q01','Quý',267000,NULL,NULL,'','0','0000-00-00','','0','','0000-00-00','P','','2020-05-14 09:30:15','','2020-05-14 09:30:15',NULL,'2020-05-14 09:30:15'),(140,1,'HD14052000000130','00000130','2020-05-14','1','VND','1','p','2020-05-14','1','1','1','1',2,'Q01','Quý',267000,NULL,NULL,'','0','0000-00-00','','0','','0000-00-00','P','','2020-05-14 09:32:41','','2020-05-14 09:32:41',NULL,'2020-05-14 09:32:41'),(141,1,'HD14052000000131','00000131','2020-05-14','1','VND','1','p','2020-05-14','1','1','1','1',2,'Q01','Quý',267000,NULL,NULL,'','0','0000-00-00','','0','','0000-00-00','P','','2020-05-14 09:35:52','','2020-05-14 09:35:52',NULL,'2020-05-14 09:35:52'),(142,1,'HD14052000000132','00000132','2020-05-14','1','VND','1','p','2020-05-14','1','1','1','1',2,'Q01','Quý',267000,NULL,NULL,'','0','0000-00-00','','0','','0000-00-00','P','','2020-05-14 09:39:39','','2020-05-14 09:39:39',NULL,'2020-05-14 09:39:39'),(143,1,'HD14052000000133','00000133','2020-05-14','1','VND','1','p','2020-05-14','1','1','1','1',2,'Q01','Quý',267000,NULL,NULL,'','0','0000-00-00','','0','','0000-00-00','P','','2020-05-14 09:45:13','','2020-05-14 09:45:13',NULL,'2020-05-14 09:45:13'),(144,1,'HD14052000000134','00000134','2020-05-14','1','VND','1','p','2020-05-14','1','1','1','1',2,'Q01','Quý',267000,NULL,NULL,'','0','0000-00-00','','0','','0000-00-00','P','','2020-05-14 09:46:01','','2020-05-14 09:46:01',NULL,'2020-05-14 09:46:01'),(145,1,'HD14052000000135','00000135','2020-05-14','1','VND','1','p','2020-05-14','1','1','1','1',2,'Q01','Quý',267000,NULL,NULL,'','0','0000-00-00','','0','','0000-00-00','P','','2020-05-14 09:46:32','','2020-05-14 09:46:32',NULL,'2020-05-14 09:46:32'),(146,1,'HD14052000000136','00000136','2020-05-14','1','VND','1','p','2020-05-14','1','1','1','1',2,'Q01','Quý',267000,NULL,NULL,'','0','0000-00-00','','0','','0000-00-00','P','','2020-05-14 09:49:22','','2020-05-14 09:49:22',NULL,'2020-05-14 09:49:22'),(147,1,'HD14052000000137','00000137','2020-05-14','1','VND','1','p','2020-05-14','1','1','1','1',2,'Q01','Quý',267000,NULL,NULL,'','0','0000-00-00','','0','','0000-00-00','P','','2020-05-14 09:50:46','','2020-05-14 09:50:46',NULL,'2020-05-14 09:50:46'),(148,1,'HD14052000000138','00000138','2020-05-14','1','VND','1','p','2020-05-14','1','1','1','1',2,'Q01','Quý',267000,NULL,NULL,'','0','0000-00-00','','0','','0000-00-00','P','','2020-05-14 09:51:53','','2020-05-14 09:51:53',NULL,'2020-05-14 09:51:53'),(149,1,'HD14052000000139','00000139','2020-05-14','1','VND','1','p','2020-05-14','1','1','1','1',2,'Q01','Quý',267000,NULL,NULL,'','0','0000-00-00','','0','','0000-00-00','P','','2020-05-14 10:12:26','','2020-05-14 10:12:26',NULL,'2020-05-14 10:12:26'),(150,1,'HD14052000000140','00000140','2020-05-14','1','VND','1','p','2020-05-14','1','1','1','1',2,'Q01','Quý',267000,NULL,NULL,'','0','0000-00-00','','0','','0000-00-00','P','','2020-05-14 10:12:56','','2020-05-14 10:12:56',NULL,'2020-05-14 10:12:56'),(151,1,'HD14052000000141','00000141','2020-05-14','1','VND','1','p','2020-05-14','1','1','1','1',2,'Q01','Quý',267000,NULL,NULL,'','0','0000-00-00','','0','','0000-00-00','P','','2020-05-14 10:15:22','','2020-06-09 09:34:23','2020-06-09 09:34:23','2020-05-14 10:15:22'),(152,1,'HD1405200000014','00000142','2020-05-20','1','VND','1','y','2021-05-20','1','1','1','1',3,'N01','Năm',950000,'1','2',NULL,NULL,NULL,NULL,NULL,NULL,'0000-00-00','P','','2020-05-14 10:17:03','2','2020-06-09 09:48:54',NULL,'2020-05-14 10:17:03'),(153,19,'HD14052000000143','00000143','2020-05-14','1','VND','1','p','2020-05-14','1','1','1','1',2,'Q01','Quý',267000,NULL,NULL,'','0','0000-00-00','','0','','0000-00-00','P','','2020-05-14 10:19:44','','2020-05-14 10:19:44',NULL,'2020-05-14 10:19:44'),(154,1,'HD18052000000144','00000144','2020-05-18','1','VND','1','m','2020-05-18','1','1','1','1',1,'T01','Tháng',99000,NULL,NULL,'','0','0000-00-00','','0','','0000-00-00','P','','2020-05-18 01:58:42','','2020-06-09 09:33:01','2020-06-09 09:33:01','2020-05-18 01:58:42'),(155,83,'HD19052000000145','00000145','2020-05-19','1','VND','1','m','2020-05-19','1','1','1','1',1,'T01','Tháng',99000,NULL,NULL,'','0','0000-00-00','','0','','0000-00-00','P','','2020-05-19 04:23:40','','2020-05-19 04:23:40',NULL,'2020-05-19 04:23:40'),(156,19,'HD21052000000146','00000146','2020-05-21','1','VND','1','p','2020-05-21','1','1','1','1',2,'Q01','Quý',267000,NULL,NULL,'','0','0000-00-00','','0','','0000-00-00','P','','2020-05-21 10:24:41','','2020-05-21 10:24:41',NULL,'2020-05-21 10:24:41'),(157,84,'HD04062000000147','00000147','2020-06-04','1','VND','1','m','2020-06-04','1','1','1','1',1,'T01','Tháng',99000,NULL,NULL,'','0','0000-00-00','','0','','0000-00-00','P','','2020-06-04 06:35:09','','2020-06-04 06:35:09',NULL,'2020-06-04 06:35:09'),(158,85,'HD04062000000148','00000148','2020-06-04','1','VND','1','y','2020-06-04','1','1','1','1',3,'N01','Năm',950000,NULL,NULL,'','0','0000-00-00','','0','','0000-00-00','P','','2020-06-04 06:42:01','','2020-06-04 06:42:01',NULL,'2020-06-04 06:42:01'),(159,86,'HD04062000000149','00000149','2020-06-04','1','VND','1','p','2020-06-04','1','1','1','1',2,'Q01','Quý',267000,'1','2',NULL,NULL,NULL,NULL,NULL,NULL,'0000-00-00','A','','2020-06-04 06:51:19','1','2020-06-04 07:02:33',NULL,'2020-06-04 06:51:19'),(160,87,'HD04062000000150','00000150','2020-06-04','1','VND','1','m','2020-06-04','1','1','1','1',1,'T01','Tháng',99000,NULL,NULL,'','0','0000-00-00','','0','','0000-00-00','P','','2020-06-04 08:22:41','','2020-06-04 08:22:41',NULL,'2020-06-04 08:22:41'),(161,86,'HD04062000000151','00000151','2020-06-04','1','VND','1','m','2020-06-04','1','1','1','1',1,'T01','Tháng',99000,NULL,NULL,'','0','0000-00-00','','0','','0000-00-00','P','','2020-06-04 08:29:33','','2020-06-04 08:29:33',NULL,'2020-06-04 08:29:33'),(162,86,'HD04062000000152','00000152','2020-06-04','1','VND','1','y','2020-06-04','1','1','1','1',3,'N01','Năm',950000,NULL,NULL,'','0','0000-00-00','','0','','0000-00-00','P','','2020-06-04 08:30:01','','2020-06-04 08:30:01',NULL,'2020-06-04 08:30:01'),(163,86,'HD04062000000153','00000153','2020-06-04','1','VND','1','p','2020-06-04','1','1','1','1',2,'Q01','Quý',267000,NULL,NULL,'','0','0000-00-00','','0','','0000-00-00','P','','2020-06-04 08:31:08','','2020-06-04 08:31:08',NULL,'2020-06-04 08:31:08'),(164,86,'HD04062000000154','00000154','2020-06-04','1','VND','1','p','2020-06-04','1','1','1','1',2,'Q01','Quý',267000,NULL,NULL,'','0','0000-00-00','','0','','0000-00-00','P','','2020-06-04 08:32:21','','2020-06-04 08:32:21',NULL,'2020-06-04 08:32:21'),(165,1,'HD05062020000155','000155','2020-06-05','1','VND','1','m','2020-06-05','1','1','1','1',1,'T01','Tháng',99000,NULL,NULL,'','0','0000-00-00','','0','','0000-00-00','P','','2020-06-05 08:21:57','','2020-06-09 09:33:59','2020-06-09 09:33:59','2020-06-05 08:21:57'),(166,88,'HD05062020000156','000156','2020-06-01','1','VND','1','m','2020-06-30','1','1','1','1',1,'T01','Tháng',99000,'0',NULL,NULL,NULL,NULL,'5',NULL,'2','2020-06-10','P','','2020-06-05 09:01:00','1','2020-06-10 10:51:14',NULL,'2020-06-05 09:01:00'),(167,1,'HD09062020000157','000157','2020-06-15','1','VND','1','p','2020-09-15','1','1','1','1',2,'Q01','Quý',267000,NULL,NULL,'','0','0000-00-00','','0','','0000-00-00','P','','2020-06-09 07:53:01','2','2020-06-09 09:28:14','2020-06-09 09:28:14','2020-06-09 07:53:01'),(172,1,'HD09062000000158','00000158','2020-06-09','1','VND','1','m','2020-07-09','1','1','1','1',1,'T01','Tháng',99000,NULL,NULL,'','0','0000-00-00','','0','','0000-00-00','P','','2020-06-09 09:24:07','2','2020-06-09 09:49:05',NULL,'2020-06-09 09:24:07'),(173,1,'HD09062000000157','00000157','2020-06-09','1','VND','1','m','2020-07-09','1','1','1','1',1,'T01','Tháng',99000,NULL,NULL,'','0','0000-00-00','','0','','0000-00-00','P','','2020-06-09 09:56:12','','2020-06-09 09:56:12',NULL,'2020-06-09 09:56:12'),(174,89,'HD10062000000157','00000157','2020-06-10','2','VND','1','m','2020-07-10','1','1','1','1',1,'T01','Tháng',99000,'0',NULL,NULL,NULL,NULL,'5',NULL,'2','2020-06-10','A','','2020-06-10 10:59:38','1','2020-06-11 07:33:56',NULL,'2020-06-10 10:59:38');
/*!40000 ALTER TABLE `contracts` ENABLE KEYS */;
UNLOCK TABLES;

--
-- Table structure for table `customers`
--

DROP TABLE IF EXISTS `customers`;
/*!40101 SET @saved_cs_client     = @@character_set_client */;
/*!40101 SET character_set_client = utf8 */;
CREATE TABLE `customers` (
  `id` bigint(20) NOT NULL AUTO_INCREMENT,
  `user_id` int(10) unsigned DEFAULT NULL,
  `customercode` varchar(50) COLLATE utf8_unicode_ci NOT NULL,
  `fullname` varchar(300) COLLATE utf8_unicode_ci NOT NULL,
  `birthday` date DEFAULT '0000-00-00',
  `gender` tinyint(1) DEFAULT NULL,
  `maritalstatus` varchar(50) COLLATE utf8_unicode_ci DEFAULT '',
  `address` varchar(400) COLLATE utf8_unicode_ci DEFAULT '',
  `phone` varchar(20) COLLATE utf8_unicode_ci DEFAULT NULL,
  `email` varchar(100) COLLATE utf8_unicode_ci NOT NULL DEFAULT '',
  `contactname` varchar(300) COLLATE utf8_unicode_ci DEFAULT NULL,
  `contactphone` varchar(50) COLLATE utf8_unicode_ci DEFAULT NULL,
  `introduction_facebook` varchar(200) COLLATE utf8_unicode_ci DEFAULT NULL,
  `introduction_email` varchar(100) COLLATE utf8_unicode_ci DEFAULT NULL,
  `introduction_user` varchar(200) COLLATE utf8_unicode_ci DEFAULT NULL,
  `introduction_orther` varchar(200) COLLATE utf8_unicode_ci DEFAULT NULL,
  `fathername` varchar(100) COLLATE utf8_unicode_ci DEFAULT NULL,
  `fatherbirthday` date DEFAULT NULL,
  `fatherwork` varchar(400) COLLATE utf8_unicode_ci DEFAULT NULL,
  `fatherdependentperson` varchar(5) COLLATE utf8_unicode_ci DEFAULT NULL,
  `mothername` varchar(100) COLLATE utf8_unicode_ci DEFAULT NULL,
  `motherbirthday` date DEFAULT NULL,
  `motherwork` varchar(400) COLLATE utf8_unicode_ci DEFAULT NULL,
  `motherdependentperson` varchar(5) COLLATE utf8_unicode_ci DEFAULT NULL,
  `familyname` varchar(100) COLLATE utf8_unicode_ci DEFAULT NULL,
  `familybirthday` date DEFAULT NULL,
  `familywork` varchar(400) COLLATE utf8_unicode_ci DEFAULT NULL,
  `childrenname` varchar(500) COLLATE utf8_unicode_ci DEFAULT NULL,
  `customertype` varchar(20) COLLATE utf8_unicode_ci DEFAULT NULL,
  `personalcashflow` varchar(20) COLLATE utf8_unicode_ci DEFAULT NULL,
  `invest` varchar(20) COLLATE utf8_unicode_ci DEFAULT NULL,
  `saving` varchar(20) COLLATE utf8_unicode_ci DEFAULT NULL,
  `financial` varchar(20) COLLATE utf8_unicode_ci DEFAULT NULL,
  `customerstatustype` varchar(10) COLLATE utf8_unicode_ci DEFAULT NULL,
  `officer_user_id` varchar(20) COLLATE utf8_unicode_ci DEFAULT NULL,
  `approved` varchar(5) COLLATE utf8_unicode_ci DEFAULT NULL,
  `approved_user_id` varchar(20) COLLATE utf8_unicode_ci DEFAULT NULL,
  `approved_at` date DEFAULT NULL,
  `approvestatustype` varchar(10) COLLATE utf8_unicode_ci DEFAULT NULL,
  `created_user_id` varchar(20) COLLATE utf8_unicode_ci NOT NULL DEFAULT '',
  `created_at` timestamp NOT NULL DEFAULT '0000-00-00 00:00:00',
  `updated_user_id` varchar(20) COLLATE utf8_unicode_ci NOT NULL DEFAULT '',
  `updated_at` timestamp NOT NULL DEFAULT '0000-00-00 00:00:00',
  `deleted_at` timestamp NULL DEFAULT NULL,
  `insertpointoftime` timestamp NOT NULL DEFAULT current_timestamp(),
  PRIMARY KEY (`id`)
) ENGINE=InnoDB AUTO_INCREMENT=90 DEFAULT CHARSET=utf8 COLLATE=utf8_unicode_ci;
/*!40101 SET character_set_client = @saved_cs_client */;

--
-- Dumping data for table `customers`
--

LOCK TABLES `customers` WRITE;
/*!40000 ALTER TABLE `customers` DISABLE KEYS */;
INSERT INTO `customers` VALUES (1,2,'00000001','Khách hàng tên A','1979-03-04',0,'','34 Kỳ Đồng P9 Q3 TPHCM','0908393144','a@lamians.com',NULL,NULL,NULL,NULL,NULL,NULL,NULL,'0000-00-00',NULL,'0',NULL,'0000-00-00',NULL,'0',NULL,'0000-00-00',NULL,NULL,'0','0','0','0','0',NULL,NULL,NULL,NULL,'0000-00-00',NULL,'','2020-03-02 01:12:28','1','2020-06-05 10:38:44',NULL,'2020-03-05 01:12:28'),(2,3,'00000002','Khách hàng tên B','1988-03-09',0,'','45 Kỳ Đồng P9 Q3 TPHCM','0908356456','b@lamians.com',NULL,NULL,NULL,NULL,NULL,NULL,NULL,'0000-00-00',NULL,'0',NULL,'0000-00-00',NULL,'0',NULL,'0000-00-00',NULL,NULL,'1','1','0','1','0','2','7',NULL,'2','2020-03-03','A','','2020-03-03 01:13:05','1','2020-05-26 09:09:05',NULL,'2020-03-05 01:13:05'),(3,19,'00000003','Khách hàng tên C','1996-02-10',1,'','455 Lý Thái Tổ P9 Q10 TPHCM','0245878965','c@lamians.com',NULL,NULL,NULL,NULL,NULL,NULL,NULL,'0000-00-00',NULL,'0',NULL,'0000-00-00',NULL,'0',NULL,'0000-00-00',NULL,NULL,'0','1','1','1','1','2','6',NULL,'2','2020-03-03','A','','2020-03-04 01:13:48','1','2020-06-10 08:22:30',NULL,'2020-03-05 01:13:48'),(4,21,'00000004','Khách hàng tên D','1991-03-02',1,'','55 Nguyển Văn Cừ P9 Q10 TPHCM','0878965412','d@lamians.com',NULL,NULL,NULL,NULL,NULL,NULL,NULL,NULL,NULL,'0',NULL,NULL,NULL,'0',NULL,NULL,NULL,NULL,'1','1','1','0','1','2','7',NULL,'2','2020-03-03','A','','2020-03-05 01:55:03','1','2020-06-10 02:45:56',NULL,'2020-03-05 01:55:03'),(5,9,'00000005','Khách hàng tên E','1995-11-11',0,'','5644 Trần Văn Đang Q 3','0874562314','e@lamians.com',NULL,NULL,NULL,NULL,NULL,NULL,NULL,NULL,NULL,'0',NULL,NULL,NULL,'0',NULL,NULL,NULL,NULL,'0','1','1','0','1','2','',NULL,'2','2020-03-04','A','','2020-03-05 01:55:50','1','2020-03-05 02:00:40',NULL,'2020-03-05 01:55:50'),(6,10,'00000006','Khách hàng tên F','1995-02-06',1,'','23/12 Tân Thới Nhất P3 Q12','086542123','f@lamians.com',NULL,NULL,NULL,NULL,NULL,NULL,NULL,NULL,NULL,'0',NULL,NULL,NULL,'0',NULL,NULL,NULL,NULL,'1','1','1','0','1','2','8',NULL,'2','2020-03-06','A','','2020-03-06 01:56:41','1','2020-03-05 02:01:11',NULL,'2020-03-05 01:56:41'),(7,NULL,'00000007','Khách hàng tên L','1981-10-15',0,'','57 Lý Chiêu Hoàng Q 6','08456589623','l@lamians.com',NULL,NULL,NULL,NULL,NULL,NULL,NULL,NULL,NULL,'0',NULL,NULL,NULL,'0',NULL,NULL,NULL,NULL,'0','1','0','0','1','2','6',NULL,'2','2020-03-05','A','','2020-03-07 01:57:37','1','2020-03-09 01:21:48',NULL,'2020-03-05 01:57:37'),(8,NULL,'00000008','Khách hàng tên G','1947-03-10',0,'','43 Hoàng Văn Thụ Q 10','07845852365','g@lamians.com',NULL,NULL,NULL,NULL,NULL,NULL,NULL,NULL,NULL,'0',NULL,NULL,NULL,'0',NULL,NULL,NULL,NULL,'1','1','1','0','1','2','8',NULL,'2','2020-03-06','A','','2019-03-06 01:58:18','1','2020-03-09 01:22:07',NULL,'2020-03-05 01:58:18'),(9,NULL,'00000009','Khách hàng tên A9','1979-03-04',0,'','34 Kỳ Đồng P9 Q3 TPHCM','0908393144','a9@lamians.com',NULL,NULL,NULL,NULL,NULL,NULL,NULL,NULL,NULL,'0',NULL,NULL,NULL,'0',NULL,NULL,NULL,NULL,'2','1','1','0','1','2','6',NULL,'2','2020-03-05','A','','2020-03-03 18:12:28','1','2020-03-04 18:15:24',NULL,'2020-03-04 18:12:28'),(10,NULL,'00000010','Khách hàng tên B10','1988-03-09',0,'','45 Kỳ Đồng P9 Q3 TPHCM','0908356456','b10@lamians.com',NULL,NULL,NULL,NULL,NULL,NULL,NULL,NULL,NULL,'0',NULL,NULL,NULL,'0',NULL,NULL,NULL,NULL,'9','1','0','1','1','2','7',NULL,'2','2020-03-03','A','','2020-03-04 18:13:05','1','2020-03-04 18:18:50',NULL,'2020-03-04 18:13:05'),(11,NULL,'00000011','Khách hàng tên C11','1996-02-10',1,'','455 Lý Thái Tổ P9 Q10 TPHCM','0245878965','c11@lamians.com',NULL,NULL,NULL,NULL,NULL,NULL,NULL,NULL,NULL,'0',NULL,NULL,NULL,'0',NULL,NULL,NULL,NULL,'2','1','0','0','1','2','6',NULL,'2','2020-03-03','A','','2020-03-05 18:13:48','1','2020-03-04 18:59:11',NULL,'2020-03-04 18:13:48'),(12,NULL,'00000012','Khách hàng tên D12','1991-03-02',1,'','55 Nguyển Văn Cừ P9 Q10 TPHCM','0878965412','d12@lamians.com',NULL,NULL,NULL,NULL,NULL,NULL,NULL,NULL,NULL,'0',NULL,NULL,NULL,'0',NULL,NULL,NULL,NULL,'2','1','1','0','1','2','7',NULL,'2','2020-03-03','A','','2020-03-04 18:55:03','1','2020-03-04 18:59:49',NULL,'2020-03-04 18:55:03'),(13,NULL,'00000013','Khách hàng tên E13','1995-11-11',0,'','5644 Trần Văn Đang Q 3','0874562314','e13@lamians.com',NULL,NULL,NULL,NULL,NULL,NULL,NULL,NULL,NULL,'0',NULL,NULL,NULL,'0',NULL,NULL,NULL,NULL,'2','1','1','0','1','2','',NULL,'2','2020-03-04','A','','2020-03-07 18:55:50','1','2020-03-04 19:00:40',NULL,'2020-03-04 18:55:50'),(14,NULL,'00000014','Khách hàng tên F14','1995-02-06',1,'','23/12 Tân Thới Nhất P3 Q12','086542123','f14@lamians.com',NULL,NULL,NULL,NULL,NULL,NULL,NULL,NULL,NULL,'0',NULL,NULL,NULL,'0',NULL,NULL,NULL,NULL,'2','1','1','0','1','2','8',NULL,'2','2020-03-06','A','','2020-03-06 18:56:41','1','2020-03-04 19:01:11',NULL,'2020-03-04 18:56:41'),(15,NULL,'00000015','Khách hàng tên L15','1981-10-15',0,'','57 Lý Chiêu Hoàng Q 6','08456589623','l15@lamians.com',NULL,NULL,NULL,NULL,NULL,NULL,NULL,NULL,NULL,'0',NULL,NULL,NULL,'0',NULL,NULL,NULL,NULL,'9','1','0','0','1','2','6',NULL,'2','2020-03-05','A','','2020-03-06 18:57:37','1','2020-03-08 18:21:48',NULL,'2020-03-04 18:57:37'),(16,NULL,'00000016','Khách hàng tên G16','1947-03-10',0,'','43 Hoàng Văn Thụ Q 10','07845852365','g16@lamians.com',NULL,NULL,NULL,NULL,NULL,NULL,NULL,NULL,NULL,'0',NULL,NULL,NULL,'0',NULL,NULL,NULL,NULL,'9','1','1','0','1','2','8',NULL,'2','2020-03-06','A','','2019-03-07 18:58:18','1','2020-03-08 18:22:07',NULL,'2020-03-04 18:58:18'),(17,NULL,'00000017','Khách hàng tên G17','1947-03-10',0,'','43 Hoàng Văn Thụ Q 10','07845852365','g17@lamians.com',NULL,NULL,NULL,NULL,NULL,NULL,NULL,NULL,NULL,'0',NULL,NULL,NULL,'0',NULL,NULL,NULL,NULL,'9','1','1','0','1','2','8',NULL,'2','2020-03-06','A','','2019-03-02 18:58:18','1','2020-03-08 18:22:07',NULL,'2020-03-04 18:58:18'),(18,NULL,'00000018','Khách hàng tên G18','1947-03-10',0,'','43 Hoàng Văn Thụ Q 10','07845852365','g18@lamians.com',NULL,NULL,NULL,NULL,NULL,NULL,NULL,NULL,NULL,'0',NULL,NULL,NULL,'0',NULL,NULL,NULL,NULL,'1','1','1','0','1','2','8',NULL,'2','2020-03-06','A','','2019-03-03 18:58:18','1','2020-03-08 18:22:07',NULL,'2020-03-04 18:58:18'),(19,13,'00000019','Khách hàng tên G19','1998-03-10',0,'','43 Hoàng Văn Thụ Q 10','07845852365','g19@lamians.com',NULL,NULL,NULL,NULL,NULL,NULL,NULL,NULL,NULL,'0',NULL,NULL,NULL,'0',NULL,NULL,NULL,NULL,'1','0','0','0','1',NULL,NULL,NULL,NULL,NULL,NULL,'','2019-03-04 18:58:18','13','2020-04-17 07:59:10',NULL,'2020-03-04 18:58:18'),(20,NULL,'00000020','Khách hàng tên G20','1947-03-10',0,'','43 Hoàng Văn Thụ Q 10','07845852365','g20@lamians.com',NULL,NULL,NULL,NULL,NULL,NULL,NULL,NULL,NULL,'0',NULL,NULL,NULL,'0',NULL,NULL,NULL,NULL,'0','1','1','0','1','2','8',NULL,'2','2020-03-06','A','','2019-03-05 18:58:18','1','2020-03-08 18:22:07',NULL,'2020-03-04 18:58:18'),(21,13,'00000021','Nguyễn Thị Trúc Quyên','1992-03-01',1,'','59/4A phan đăng lưu','0356565656','it5@lamians.com',NULL,NULL,NULL,NULL,NULL,NULL,NULL,NULL,NULL,'0',NULL,NULL,NULL,'0',NULL,NULL,NULL,NULL,'1','1','0','1','1','2','6',NULL,'2','2020-03-10','A','','2020-03-10 06:33:05','1','2020-03-10 06:50:10',NULL,'2020-03-10 06:33:05'),(22,14,'00000022','Phan Công','1995-04-15',0,'','720A Điện Biên Phủ','0374570287','it4@lamians.com',NULL,NULL,NULL,NULL,NULL,NULL,NULL,NULL,NULL,'0',NULL,NULL,NULL,'0',NULL,NULL,NULL,NULL,'1','1','0','1','1','1',NULL,NULL,NULL,NULL,NULL,'','2020-03-10 08:52:21','1','2020-06-04 06:58:43',NULL,'2020-03-10 08:52:21'),(89,24,'00000023','aaa','2020-06-08',0,'','aaaa','34333','linhdh@gmail.com',NULL,NULL,NULL,NULL,NULL,NULL,NULL,'0000-00-00',NULL,'0',NULL,'0000-00-00',NULL,'0',NULL,'0000-00-00',NULL,NULL,'0','1','1','1','1','2',NULL,NULL,NULL,'0000-00-00',NULL,'','2020-06-10 10:59:38','1','2020-06-11 07:33:57',NULL,'2020-06-10 10:59:38');
/*!40000 ALTER TABLE `customers` ENABLE KEYS */;
UNLOCK TABLES;

--
-- Table structure for table `mn_applicationfunctiongroups`
--

DROP TABLE IF EXISTS `mn_applicationfunctiongroups`;
/*!40101 SET @saved_cs_client     = @@character_set_client */;
/*!40101 SET character_set_client = utf8 */;
CREATE TABLE `mn_applicationfunctiongroups` (
  `id` int(11) NOT NULL AUTO_INCREMENT,
  `applicationmoduleid` int(11) NOT NULL,
  `name` varchar(200) COLLATE utf8_unicode_ci NOT NULL,
  `displayorder` int(3) NOT NULL,
  `image` varchar(200) COLLATE utf8_unicode_ci DEFAULT NULL,
  `applicationresourceid` int(11) unsigned DEFAULT NULL,
  `created_user_id` varchar(20) COLLATE utf8_unicode_ci NOT NULL DEFAULT '',
  `created_at` timestamp NOT NULL DEFAULT current_timestamp(),
  `updated_user_id` varchar(20) COLLATE utf8_unicode_ci NOT NULL DEFAULT '',
  `updated_at` timestamp NOT NULL DEFAULT current_timestamp(),
  `deleted_at` timestamp NULL DEFAULT NULL,
  `insertpointoftime` timestamp NOT NULL DEFAULT current_timestamp(),
  PRIMARY KEY (`id`),
  KEY `insertpointoftime` (`insertpointoftime`)
) ENGINE=InnoDB AUTO_INCREMENT=44 DEFAULT CHARSET=utf8 COLLATE=utf8_unicode_ci;
/*!40101 SET character_set_client = @saved_cs_client */;

--
-- Dumping data for table `mn_applicationfunctiongroups`
--

LOCK TABLES `mn_applicationfunctiongroups` WRITE;
/*!40000 ALTER TABLE `mn_applicationfunctiongroups` DISABLE KEYS */;
INSERT INTO `mn_applicationfunctiongroups` VALUES (1,1,'Tổng quan',1,'fa fa-pie-chart',25,'1','2020-02-03 07:02:27','1','2020-03-11 07:07:41',NULL,'2020-02-03 07:02:27'),(2,1,'Quản lý ví tiền',3,'fas fa-calculator',12,'1','2020-02-03 07:02:51','1','2020-06-05 07:03:44',NULL,'2020-02-03 07:02:51'),(3,1,'Mục tiêu tài chính',2,'fa fa-building',NULL,'1','2020-02-03 07:07:25','1','2020-04-29 07:10:16',NULL,'2020-02-03 07:07:25'),(5,1,'Đầu tư',5,'fas fa-exchange-alt',14,'1','2020-02-03 07:07:52','1','2020-02-25 07:28:00',NULL,'2020-02-03 07:07:52'),(6,1,'Dòng tiền cá nhân',6,'fa fa-tasks',NULL,'1','2020-02-03 07:08:03','1','2020-06-05 07:38:46',NULL,'2020-02-03 07:08:03'),(8,2,'Dịch vụ',2,'fa fa-files-o',NULL,'1','2020-02-03 07:08:48','1','2020-06-05 07:49:45',NULL,'2020-02-03 07:08:48'),(10,4,'Theo đối tượng khách hàng',1,'fas fa-user',10,'1','2020-02-06 07:33:50','1','2020-02-24 08:35:28',NULL,'2020-02-06 07:33:50'),(11,4,'Theo sản phẩm',2,'fas fa-star',11,'1','2020-02-06 07:34:08','1','2020-02-24 08:35:37',NULL,'2020-02-06 07:34:08'),(19,3,'Hỗ trợ',3,'fas fa-piggy-bank',27,'1','2020-02-11 03:34:15','1','2020-02-14 03:18:36',NULL,'2020-02-11 03:34:15'),(22,6,'Danh sách User khách hàng',1,'fa fa-bars',18,'1','2020-02-11 08:18:10','1','2020-03-09 08:17:40',NULL,'2020-02-11 08:18:10'),(23,6,'Danh sách User quản trị',2,'fa fa-bars',7,'1','2020-02-11 08:18:32','1','2020-03-09 08:18:07',NULL,'2020-02-11 08:18:32'),(25,7,'Quản lý menu',1,'fa fa-bars',NULL,'1','2020-02-11 09:22:37','1','2020-03-09 08:18:39',NULL,'2020-02-11 09:22:37'),(26,8,'Tổng quan',1,'fa fa-pie-chart',26,'1','2020-02-14 03:31:32','1','2020-03-11 07:07:59',NULL,'2020-02-14 03:31:32'),(27,8,'Dòng tiền cá nhân',3,'fas fa-calculator',15,'1','2020-02-14 03:32:25','1','2020-06-12 03:55:02',NULL,'2020-02-14 03:32:25'),(30,8,'Đầu tư',5,'fas fa-exchange-alt',17,'1','2020-02-14 03:33:24','1','2020-02-25 07:27:19',NULL,'2020-02-14 03:33:24'),(32,8,'Thông tin tài khoản KH',7,'fas fa-address-card',NULL,'1','2020-02-14 03:35:33','1','2020-02-14 03:52:04',NULL,'2020-02-14 03:35:33'),(33,8,'Hỗ trợ tư vấn khách hàng',8,'fas fa-users',28,'1','2020-02-14 03:35:57','1','2020-02-14 03:37:48',NULL,'2020-02-14 03:35:57'),(35,5,'Doanh thu',1,'fa fa-usd',NULL,'1','2020-03-09 12:36:16','1','2020-03-09 12:36:16',NULL,'2020-03-09 12:36:16'),(36,5,'Chi phí',2,'fas fa-hand-holding-usd',NULL,'1','2020-03-10 03:29:11','1','2020-03-10 03:29:11',NULL,'2020-03-10 03:29:11'),(37,5,'Lợi nhuận',3,'fas fa-piggy-bank',NULL,'1','2020-03-10 03:29:37','1','2020-03-10 03:29:37',NULL,'2020-03-10 03:29:37'),(38,9,'Tuyển dụng',1,'fa fa-user-plus',NULL,'1','2020-04-11 04:23:41','1','2020-04-11 04:23:41',NULL,'2020-04-11 04:23:41'),(39,2,'Tài khoản cá nhân',1,'fas fa-user-lock',NULL,'1','2020-04-28 02:43:29','1','2020-04-29 04:34:19',NULL,'2020-04-28 02:43:29'),(41,2,'Lịch sử truy cập',3,'fas fa-file-alt',32,'1','2020-04-28 02:51:48','1','2020-04-29 04:26:58',NULL,'2020-04-28 02:51:48'),(42,1,'Quản lý tài sản',4,'fa fa-list-alt',13,'1','2020-06-05 07:26:43','1','2020-06-12 03:57:13',NULL,'2020-06-05 07:26:43');
/*!40000 ALTER TABLE `mn_applicationfunctiongroups` ENABLE KEYS */;
UNLOCK TABLES;

--
-- Table structure for table `mn_applicationmodules`
--

DROP TABLE IF EXISTS `mn_applicationmodules`;
/*!40101 SET @saved_cs_client     = @@character_set_client */;
/*!40101 SET character_set_client = utf8 */;
CREATE TABLE `mn_applicationmodules` (
  `id` int(11) unsigned NOT NULL AUTO_INCREMENT,
  `code` varchar(200) COLLATE utf8_unicode_ci NOT NULL,
  `applicationmodulename` varchar(200) COLLATE utf8_unicode_ci NOT NULL,
  `displayorder` int(3) NOT NULL,
  `sys` int(1) NOT NULL DEFAULT 0,
  `hidden` int(3) unsigned NOT NULL DEFAULT 0,
  `image` varchar(200) COLLATE utf8_unicode_ci DEFAULT NULL,
  `created_user_id` varchar(20) COLLATE utf8_unicode_ci NOT NULL DEFAULT '',
  `created_at` timestamp NOT NULL DEFAULT current_timestamp(),
  `updated_user_id` varchar(20) COLLATE utf8_unicode_ci NOT NULL DEFAULT '',
  `updated_at` timestamp NOT NULL DEFAULT current_timestamp(),
  `deleted_at` timestamp NULL DEFAULT NULL,
  `insertpointoftime` timestamp NOT NULL DEFAULT current_timestamp(),
  PRIMARY KEY (`id`),
  KEY `insertpointoftime` (`insertpointoftime`)
) ENGINE=InnoDB AUTO_INCREMENT=10 DEFAULT CHARSET=utf8 COLLATE=utf8_unicode_ci;
/*!40101 SET character_set_client = @saved_cs_client */;

--
-- Dumping data for table `mn_applicationmodules`
--

LOCK TABLES `mn_applicationmodules` WRITE;
/*!40000 ALTER TABLE `mn_applicationmodules` DISABLE KEYS */;
INSERT INTO `mn_applicationmodules` VALUES (1,'HETHONGQUANLY-KH','HỆ THỐNG QUẢN LÝ',1,0,0,NULL,'','2019-11-14 03:29:14','1','2020-02-14 03:27:59',NULL,'2019-11-14 03:29:14'),(2,'THONGTINTAIKHOAN','THÔNG TIN TÀI KHOẢN',2,0,0,NULL,'','2019-11-14 03:29:14','1','2020-02-14 03:10:09',NULL,'2019-11-14 03:29:14'),(3,'DICHVUKHACHHANG247','DỊCH VỤ KHÁCH HÀNG 24/7',3,0,0,NULL,'130','2019-11-25 08:22:59','1','2020-03-10 03:12:44',NULL,'2019-11-25 08:22:59'),(4,'QUANLYTHONGKE','QUẢN LÝ THỐNG KÊ',4,0,0,NULL,'1','2020-02-06 07:24:18','1','2020-02-14 03:11:42',NULL,'2020-02-06 07:24:18'),(5,'TAICHINH','TÀI CHÍNH',5,0,0,NULL,'1','2020-02-06 07:26:11','1','2020-03-09 12:34:43',NULL,'2020-02-06 07:26:11'),(6,'QUANLYUSER','QUẢN LÝ USER',6,0,0,NULL,'1','2020-02-11 03:52:53','1','2020-02-14 03:13:34',NULL,'2020-02-11 03:52:53'),(7,'QUANTRIHETHONG','QUẢN TRỊ HỆ THỐNG',8,0,0,NULL,'1','2020-02-11 09:20:24','1','2020-04-11 04:18:26',NULL,'2020-02-11 09:20:24'),(8,'HETHONGQUANLY-QL','QUẢN LÝ HỆ THỐNG QUẢN LÝ',1,0,0,NULL,'1','2020-02-14 03:30:14','1','2020-02-14 03:39:48',NULL,'2020-02-14 03:30:14'),(9,'HETHONGVANHANH','HỆ THỐNG VẬN HÀNH',7,0,0,NULL,'1','2020-04-11 04:20:22','1','2020-04-11 04:20:40',NULL,'2020-04-11 04:20:22');
/*!40000 ALTER TABLE `mn_applicationmodules` ENABLE KEYS */;
UNLOCK TABLES;

--
-- Table structure for table `mn_applicationresources`
--

DROP TABLE IF EXISTS `mn_applicationresources`;
/*!40101 SET @saved_cs_client     = @@character_set_client */;
/*!40101 SET character_set_client = utf8 */;
CREATE TABLE `mn_applicationresources` (
  `id` int(11) unsigned NOT NULL AUTO_INCREMENT,
  `code` varchar(20) COLLATE utf8_unicode_ci NOT NULL,
  `name` varchar(500) COLLATE utf8_unicode_ci NOT NULL,
  `filename` varchar(200) COLLATE utf8_unicode_ci DEFAULT NULL,
  `pagesecurity` tinyint(3) unsigned DEFAULT 0,
  `image` varchar(200) COLLATE utf8_unicode_ci DEFAULT NULL,
  `created_user_id` varchar(20) COLLATE utf8_unicode_ci NOT NULL DEFAULT '',
  `created_at` timestamp NOT NULL DEFAULT current_timestamp(),
  `updated_user_id` varchar(20) COLLATE utf8_unicode_ci NOT NULL DEFAULT '',
  `updated_at` timestamp NOT NULL DEFAULT current_timestamp(),
  `deleted_at` timestamp NULL DEFAULT NULL,
  `insertpointoftime` timestamp NOT NULL DEFAULT current_timestamp(),
  PRIMARY KEY (`id`),
  KEY `insertpointoftime` (`insertpointoftime`)
) ENGINE=InnoDB AUTO_INCREMENT=37 DEFAULT CHARSET=utf8 COLLATE=utf8_unicode_ci;
/*!40101 SET character_set_client = @saved_cs_client */;

--
-- Dumping data for table `mn_applicationresources`
--

LOCK TABLES `mn_applicationresources` WRITE;
/*!40000 ALTER TABLE `mn_applicationresources` DISABLE KEYS */;
INSERT INTO `mn_applicationresources` VALUES (1,'0001','Chỉ số danh mục cấp 1','dashboard',0,'fa fa-bars','1','2020-02-03 07:10:44','1','2020-02-11 01:38:44',NULL,'2020-02-03 07:10:44'),(2,'0002','Chỉ số danh mục cấp 2','dashboard',0,'fa fa-bars','1','2020-02-03 07:10:55','1','2020-02-11 01:39:09',NULL,'2020-02-03 07:10:55'),(3,'0003','Chỉ số danh mục cấp 3','dashboard',0,'fa fa-bars','1','2020-02-03 07:11:03','1','2020-02-11 01:39:35',NULL,'2020-02-03 07:11:03'),(4,'0004','Role','applicationroles-index',0,'fa fa-bars','1','2020-02-06 08:01:19','1','2020-02-06 09:06:50',NULL,'2020-02-06 08:01:19'),(5,'0005','Module','applicationmodules-index',0,'fa fa-bars','1','2020-02-06 08:01:52','1','2020-02-06 09:07:11',NULL,'2020-02-06 08:01:52'),(6,'0006','Page (route) truy cập','applicationresources-index',0,'fa fa-bars','1','2020-02-06 08:02:07','1','2020-02-06 09:07:56',NULL,'2020-02-06 08:02:07'),(7,'0007','Quản lý user truy cập','users-index',0,'fa fa-bars','1','2020-02-06 08:02:45','1','2020-02-06 09:03:03',NULL,'2020-02-06 08:02:45'),(8,'0008','Cá nhân','customers-index',0,'fa fa-bars','1','2020-02-11 02:04:29','1','2020-02-14 06:35:11',NULL,'2020-02-11 02:04:29'),(9,'0009','Dịch vụ','contracts-index',0,'fa fa-clipboard','1','2020-02-11 02:04:59','1','2020-06-05 09:15:38',NULL,'2020-02-11 02:04:59'),(10,'0010','Thống kê theo đối tượng khách hàng','statistic-customer',0,NULL,'1','2020-02-24 08:34:19','1','2020-02-24 08:34:19',NULL,'2020-02-24 08:34:19'),(11,'0011','Thống kê theo sản phẩm','statistic-product',0,NULL,'1','2020-02-24 08:34:37','1','2020-02-24 08:34:37',NULL,'2020-02-24 08:34:37'),(12,'0012','Quản lý dòng tiền cá nhân','cash-index',0,NULL,'1','2020-02-25 06:53:16','1','2020-02-25 06:53:16',NULL,'2020-02-25 06:53:16'),(13,'0013','Quản lý tải sản','cashassets-index',0,NULL,'1','2020-02-25 06:53:29','1','2020-06-12 03:56:53',NULL,'2020-02-25 06:53:29'),(14,'0014','Đầu tư','invest-index',0,NULL,'1','2020-02-25 06:53:41','1','2020-02-25 06:53:41',NULL,'2020-02-25 06:53:41'),(15,'0015','Quản lý dòng tiền cá nhân QL','cash-manage',0,NULL,'1','2020-02-25 07:25:27','1','2020-02-25 07:25:27',NULL,'2020-02-25 07:25:27'),(16,'0016','Tiết kiệm  QL','saving-manage',0,NULL,'1','2020-02-25 07:25:44','1','2020-02-25 07:26:22',NULL,'2020-02-25 07:25:44'),(17,'0017','Đầu tư QL','invest-manage',0,NULL,'1','2020-02-25 07:26:09','1','2020-02-25 07:26:09',NULL,'2020-02-25 07:26:09'),(18,'0018','Danh sách user khách hàng','usercustomers-index',0,NULL,'1','2020-02-26 09:18:24','1','2020-02-26 09:18:24',NULL,'2020-02-26 09:18:24'),(19,'0019','Thông tin cá nhân','customers-editCustomer',0,'fas fa-info-circle','1','2020-03-04 07:40:42','1','2020-04-29 04:31:14',NULL,'2020-03-04 07:40:42'),(20,'0020','Danh sách hợp đồng KH','contracts-listContract',0,NULL,'1','2020-03-04 08:29:10','1','2020-05-05 03:29:40',NULL,'2020-03-04 08:29:10'),(21,'0021','Doanh thu tổng','revenues-index',0,'fa fa-usd','1','2020-03-09 12:37:07','1','2020-03-09 12:37:07',NULL,'2020-03-09 12:37:07'),(22,'0022','Dịch vụ tư vấn','advisorys-index',0,'fa fa-volume-control-phone','1','2020-03-10 02:18:21','1','2020-03-10 02:18:21',NULL,'2020-03-10 02:18:21'),(23,'0023','Chi phí tổng','costs-index',0,'fas fa-hand-holding-usd','1','2020-03-10 03:30:25','1','2020-03-10 03:31:20',NULL,'2020-03-10 03:30:25'),(24,'0024','Lợi nhuận tổng','profits-index',0,'fas fa-piggy-bank','1','2020-03-10 03:30:57','1','2020-03-10 03:31:36',NULL,'2020-03-10 03:30:57'),(25,'0025','Tổng quan','dashboard-customer',0,'fa fa-pie-chart','1','2020-03-11 07:03:47','1','2020-03-11 07:03:47',NULL,'2020-03-11 07:03:47'),(26,'0026','Tổng quan QL','dashboard-manage',0,'fa fa-pie-chart','1','2020-03-11 07:04:18','1','2020-03-11 07:04:18',NULL,'2020-03-11 07:04:18'),(27,'0027','Hỗ trợ','form-advisory',0,'fas fa-users','1','2020-03-26 01:56:51','1','2020-03-26 01:56:51',NULL,'2020-03-26 01:56:51'),(28,'0028','Hỗ trợ tư vấn khách hàng','advisorys-index',0,'fas fa-users','1','2020-03-26 02:00:32','1','2020-03-26 02:00:32',NULL,'2020-03-26 02:00:32'),(29,'0029','Tin tuyển dụng','careers',0,'fa fa-file-text','1','2020-04-11 04:26:10','1','2020-04-13 02:01:52',NULL,'2020-04-11 04:26:10'),(30,'0030','Tài khoản và email','customers-profileCustomer',0,'fas fa-user','1','2020-04-28 04:10:16','1','2020-04-29 04:23:12',NULL,'2020-04-28 04:10:16'),(31,'0031','Đổi mật khẩu','customers-editSecurityCustomer',0,'fas fa-lock','1','2020-04-28 04:37:12','1','2020-04-29 04:30:57',NULL,'2020-04-28 04:37:12'),(32,'0032','Lịch sử truy cập','customers-historyCustomer',0,'fas fa-lock','1','2020-04-28 04:37:34','1','2020-04-29 04:24:02',NULL,'2020-04-28 04:37:34'),(33,'0033','Đăng ký dịch vụ','contracts-addContract',0,'fa fa-file-o','1','2020-05-05 03:33:38','1','2020-05-05 06:41:45',NULL,'2020-05-05 03:33:38'),(34,'0034','Đang chờ duyệt','contracts-listContractQueue',0,'fa fa-pencil-square-o','1','2020-05-05 03:35:08','1','2020-05-05 06:42:40',NULL,'2020-05-05 03:35:08'),(35,'0035','Đang sử dụng','contracts-listContractRunning',0,'fa fa-files-o','1','2020-05-05 03:35:34','1','2020-05-05 06:46:35',NULL,'2020-05-05 03:35:34'),(36,'0036','Đã hết hạn','contracts-listContractExpried',0,'fa fa-clipboard','1','2020-05-05 03:35:52','1','2020-05-05 06:47:41',NULL,'2020-05-05 03:35:52');
/*!40000 ALTER TABLE `mn_applicationresources` ENABLE KEYS */;
UNLOCK TABLES;

--
-- Table structure for table `mn_applicationroles`
--

DROP TABLE IF EXISTS `mn_applicationroles`;
/*!40101 SET @saved_cs_client     = @@character_set_client */;
/*!40101 SET character_set_client = utf8 */;
CREATE TABLE `mn_applicationroles` (
  `id` bigint(20) NOT NULL AUTO_INCREMENT,
  `code` varchar(20) COLLATE utf8_unicode_ci NOT NULL,
  `name` text COLLATE utf8_unicode_ci NOT NULL,
  `description` varchar(200) COLLATE utf8_unicode_ci DEFAULT '',
  `modulesallowed` varchar(20) COLLATE utf8_unicode_ci NOT NULL,
  `code_cp` varchar(20) COLLATE utf8_unicode_ci DEFAULT ' ',
  `created_user_id` varchar(20) COLLATE utf8_unicode_ci NOT NULL DEFAULT '',
  `created_at` timestamp NOT NULL DEFAULT current_timestamp(),
  `updated_user_id` varchar(20) COLLATE utf8_unicode_ci NOT NULL DEFAULT '',
  `updated_at` timestamp NOT NULL DEFAULT current_timestamp(),
  `deleted_at` timestamp NULL DEFAULT NULL,
  `insertpointoftime` timestamp NOT NULL DEFAULT current_timestamp(),
  PRIMARY KEY (`id`),
  KEY `insertpointoftime` (`insertpointoftime`)
) ENGINE=InnoDB AUTO_INCREMENT=5 DEFAULT CHARSET=utf8 COLLATE=utf8_unicode_ci;
/*!40101 SET character_set_client = @saved_cs_client */;

--
-- Dumping data for table `mn_applicationroles`
--

LOCK TABLES `mn_applicationroles` WRITE;
/*!40000 ALTER TABLE `mn_applicationroles` DISABLE KEYS */;
INSERT INTO `mn_applicationroles` VALUES (1,'HT','Hệ thống','Quản trị','4,5,6,7,8,9',NULL,'','2019-11-20 04:06:47','1','2020-04-11 04:22:55',NULL,'2019-11-20 04:06:47'),(2,'KH','Khách hàng',NULL,'1,2,3',NULL,'','2019-11-20 04:06:47','1','2020-02-14 03:21:20',NULL,'2019-11-20 04:06:47'),(3,'GD','Giám đốc',NULL,'1,2,3,4,5,6',NULL,'','2019-11-20 04:06:47','1','2020-02-14 03:21:55',NULL,'2019-11-20 04:06:47'),(4,'BH','Bán hàng',NULL,'4,5,6,8',NULL,'130','2019-11-20 09:21:29','1','2020-03-10 06:38:56',NULL,'2019-11-20 09:21:29');
/*!40000 ALTER TABLE `mn_applicationroles` ENABLE KEYS */;
UNLOCK TABLES;

--
-- Table structure for table `mn_functionassignment`
--

DROP TABLE IF EXISTS `mn_functionassignment`;
/*!40101 SET @saved_cs_client     = @@character_set_client */;
/*!40101 SET character_set_client = utf8 */;
CREATE TABLE `mn_functionassignment` (
  `id` int(11) unsigned NOT NULL AUTO_INCREMENT,
  `applicationfunctiongroupid` int(11) unsigned NOT NULL,
  `applicationresourceid` int(11) unsigned NOT NULL,
  `displayorder` tinyint(3) unsigned NOT NULL,
  `created_user_id` varchar(20) COLLATE utf8_unicode_ci NOT NULL DEFAULT '',
  `created_at` timestamp NOT NULL DEFAULT current_timestamp(),
  `updated_user_id` varchar(20) COLLATE utf8_unicode_ci NOT NULL DEFAULT '',
  `updated_at` timestamp NOT NULL DEFAULT current_timestamp(),
  `deleted_at` timestamp NULL DEFAULT NULL,
  `insertpointoftime` timestamp NOT NULL DEFAULT current_timestamp(),
  PRIMARY KEY (`id`),
  KEY `insertpointoftime` (`insertpointoftime`)
) ENGINE=InnoDB AUTO_INCREMENT=31 DEFAULT CHARSET=utf8 COLLATE=utf8_unicode_ci;
/*!40101 SET character_set_client = @saved_cs_client */;

--
-- Dumping data for table `mn_functionassignment`
--

LOCK TABLES `mn_functionassignment` WRITE;
/*!40000 ALTER TABLE `mn_functionassignment` DISABLE KEYS */;
INSERT INTO `mn_functionassignment` VALUES (1,5,1,1,'1','2020-02-03 07:11:24','1','2020-02-03 07:11:24',NULL,'2020-02-03 07:11:24'),(2,5,2,2,'1','2020-02-03 07:11:28','1','2020-02-03 07:11:28',NULL,'2020-02-03 07:11:28'),(3,5,3,3,'1','2020-02-03 07:11:33','1','2020-02-03 07:11:33',NULL,'2020-02-03 07:11:33'),(4,13,4,1,'1','2020-02-06 09:00:27','1','2020-02-06 09:00:27',NULL,'2020-02-06 09:00:27'),(5,13,5,2,'1','2020-02-06 09:00:33','1','2020-02-06 09:00:33',NULL,'2020-02-06 09:00:33'),(6,13,6,3,'1','2020-02-06 09:00:38','1','2020-02-06 09:00:38',NULL,'2020-02-06 09:00:38'),(7,16,8,1,'1','2020-02-11 02:05:32','1','2020-02-11 02:05:32',NULL,'2020-02-11 02:05:32'),(8,16,9,2,'1','2020-02-11 02:05:45','1','2020-02-11 02:05:45',NULL,'2020-02-11 02:05:45'),(9,21,4,1,'1','2020-02-11 07:59:16','1','2020-02-11 07:59:16',NULL,'2020-02-11 07:59:16'),(10,21,5,2,'1','2020-02-11 07:59:26','1','2020-02-11 07:59:26',NULL,'2020-02-11 07:59:26'),(11,21,6,3,'1','2020-02-11 07:59:35','1','2020-02-11 07:59:35',NULL,'2020-02-11 07:59:35'),(12,25,4,1,'1','2020-02-11 09:25:24','1','2020-02-11 09:25:24',NULL,'2020-02-11 09:25:24'),(13,25,5,2,'1','2020-02-11 09:25:34','1','2020-02-11 09:25:34',NULL,'2020-02-11 09:25:34'),(14,25,6,3,'1','2020-02-11 09:25:42','1','2020-02-11 09:25:42',NULL,'2020-02-11 09:25:42'),(15,30,1,1,'1','2020-02-14 03:34:17','1','2020-02-14 03:34:17',NULL,'2020-02-14 03:34:17'),(16,30,2,2,'1','2020-02-14 03:34:22','1','2020-02-14 03:34:22',NULL,'2020-02-14 03:34:22'),(17,30,3,3,'1','2020-02-14 03:34:30','1','2020-02-14 03:34:30',NULL,'2020-02-14 03:34:30'),(18,32,8,1,'1','2020-02-14 04:06:17','1','2020-02-14 04:06:17',NULL,'2020-02-14 04:06:17'),(19,32,9,2,'1','2020-02-14 04:06:22','1','2020-02-14 04:06:22',NULL,'2020-02-14 04:06:22'),(20,35,21,1,'1','2020-03-09 12:37:43','1','2020-03-10 01:51:54',NULL,'2020-03-09 12:37:43'),(22,36,23,1,'1','2020-03-10 03:32:10','1','2020-03-10 03:32:10',NULL,'2020-03-10 03:32:10'),(23,38,29,1,'1','2020-04-11 04:40:56','1','2020-04-11 04:40:56',NULL,'2020-04-11 04:40:56'),(24,39,30,1,'1','2020-04-29 04:24:58','1','2020-04-29 04:24:58',NULL,'2020-04-29 04:24:58'),(25,39,19,2,'1','2020-04-29 04:25:21','1','2020-04-29 04:25:21',NULL,'2020-04-29 04:25:21'),(26,39,31,3,'1','2020-04-29 04:25:42','1','2020-04-29 04:25:42',NULL,'2020-04-29 04:25:42'),(27,8,33,1,'1','2020-05-05 03:38:01','1','2020-05-05 03:38:01',NULL,'2020-05-05 03:38:01'),(28,8,34,2,'1','2020-05-05 03:38:11','1','2020-05-05 03:38:11',NULL,'2020-05-05 03:38:11'),(29,8,35,3,'1','2020-05-05 03:38:19','1','2020-05-05 03:38:19',NULL,'2020-05-05 03:38:19'),(30,8,36,4,'1','2020-05-05 03:38:27','1','2020-05-05 03:38:27',NULL,'2020-05-05 03:38:27');
/*!40000 ALTER TABLE `mn_functionassignment` ENABLE KEYS */;
UNLOCK TABLES;

--
-- Table structure for table `mn_securityresources`
--

DROP TABLE IF EXISTS `mn_securityresources`;
/*!40101 SET @saved_cs_client     = @@character_set_client */;
/*!40101 SET character_set_client = utf8 */;
CREATE TABLE `mn_securityresources` (
  `id` bigint(20) NOT NULL AUTO_INCREMENT,
  `rolecode` varchar(20) COLLATE utf8_unicode_ci NOT NULL,
  `resourcecode` varchar(20) COLLATE utf8_unicode_ci NOT NULL DEFAULT '0',
  `cview` varchar(5) COLLATE utf8_unicode_ci DEFAULT '0',
  `cadd` varchar(5) COLLATE utf8_unicode_ci DEFAULT '0',
  `cdelete` varchar(5) COLLATE utf8_unicode_ci DEFAULT '0',
  `cupdate` varchar(5) COLLATE utf8_unicode_ci DEFAULT '0',
  `capprove` varchar(5) COLLATE utf8_unicode_ci DEFAULT '0',
  `cuserview` varchar(500) COLLATE utf8_unicode_ci DEFAULT NULL,
  `description` varchar(200) COLLATE utf8_unicode_ci DEFAULT '',
  `created_user_id` varchar(20) COLLATE utf8_unicode_ci NOT NULL DEFAULT '',
  `created_at` timestamp NOT NULL DEFAULT current_timestamp(),
  `updated_user_id` varchar(20) COLLATE utf8_unicode_ci NOT NULL DEFAULT '',
  `updated_at` timestamp NOT NULL DEFAULT current_timestamp(),
  `deleted_at` timestamp NULL DEFAULT NULL,
  `insertpointoftime` timestamp NOT NULL DEFAULT current_timestamp(),
  PRIMARY KEY (`id`),
  KEY `insertpointoftime` (`insertpointoftime`)
) ENGINE=InnoDB DEFAULT CHARSET=utf8 COLLATE=utf8_unicode_ci;
/*!40101 SET character_set_client = @saved_cs_client */;

--
-- Dumping data for table `mn_securityresources`
--

LOCK TABLES `mn_securityresources` WRITE;
/*!40000 ALTER TABLE `mn_securityresources` DISABLE KEYS */;
/*!40000 ALTER TABLE `mn_securityresources` ENABLE KEYS */;
UNLOCK TABLES;

--
-- Table structure for table `operation_logs`
--

DROP TABLE IF EXISTS `operation_logs`;
/*!40101 SET @saved_cs_client     = @@character_set_client */;
/*!40101 SET character_set_client = utf8 */;
CREATE TABLE `operation_logs` (
  `id` bigint(20) NOT NULL AUTO_INCREMENT,
  `user_id` int(10) unsigned DEFAULT NULL,
  `logtype` varchar(5) COLLATE utf8_unicode_ci DEFAULT NULL,
  `event` varchar(500) COLLATE utf8_unicode_ci DEFAULT NULL,
  `description` varchar(500) COLLATE utf8_unicode_ci DEFAULT NULL,
  `logresult` varchar(500) COLLATE utf8_unicode_ci DEFAULT NULL,
  `created_user_id` varchar(20) COLLATE utf8_unicode_ci NOT NULL DEFAULT '',
  `created_at` timestamp NOT NULL DEFAULT '0000-00-00 00:00:00',
  `updated_user_id` varchar(20) COLLATE utf8_unicode_ci NOT NULL DEFAULT '',
  `updated_at` timestamp NOT NULL DEFAULT '0000-00-00 00:00:00',
  `deleted_at` timestamp NULL DEFAULT NULL,
  `insertpointoftime` timestamp NOT NULL DEFAULT current_timestamp(),
  PRIMARY KEY (`id`)
) ENGINE=InnoDB AUTO_INCREMENT=258 DEFAULT CHARSET=utf8 COLLATE=utf8_unicode_ci;
/*!40101 SET character_set_client = @saved_cs_client */;

--
-- Dumping data for table `operation_logs`
--

LOCK TABLES `operation_logs` WRITE;
/*!40000 ALTER TABLE `operation_logs` DISABLE KEYS */;
INSERT INTO `operation_logs` VALUES (1,2,'0','Login','a@lamians.com','Đăng nhập thành công','2','2020-04-27 11:25:52','2','2020-04-27 11:25:52',NULL,'2020-04-27 11:25:52'),(2,1,'0','Login','admin@rbooks.vn','Đăng nhập thành công','1','2020-04-27 11:26:56','1','2020-04-27 11:26:56',NULL,'2020-04-27 11:26:56'),(3,1,'0','Login','admin@rbooks.vn','Đăng nhập thành công','1','2020-04-27 15:44:01','1','2020-04-27 15:44:01',NULL,'2020-04-27 15:44:01'),(4,2,'0','Login','a@lamians.com','Đăng nhập thành công','2','2020-04-27 15:51:17','2','2020-04-27 15:51:17',NULL,'2020-04-27 15:51:17'),(5,1,'0','Login','admin@rbooks.vn','Đăng nhập thành công','1','2020-04-27 15:51:53','1','2020-04-27 15:51:53',NULL,'2020-04-27 15:51:53'),(6,2,'0','Login','a@lamians.com','Đăng nhập thành công','2','2020-04-28 02:46:52','2','2020-04-28 02:46:52',NULL,'2020-04-28 02:46:52'),(7,1,'0','Login','admin@rbooks.vn','Đăng nhập thành công','1','2020-04-28 02:50:36','1','2020-04-28 02:50:36',NULL,'2020-04-28 02:50:36'),(8,13,'0','Login','it5@lamians.com','Đăng nhập thành công','13','2020-04-28 06:47:32','13','2020-04-28 06:47:32',NULL,'2020-04-28 06:47:32'),(9,1,'0','Login','admin@rbooks.vn','Đăng nhập thành công','1','2020-04-28 07:55:24','1','2020-04-28 07:55:24',NULL,'2020-04-28 07:55:24'),(10,1,'0','Login','admin@rbooks.vn','Đăng nhập thành công','1','2020-04-28 07:58:01','1','2020-04-28 07:58:01',NULL,'2020-04-28 07:58:01'),(11,13,'0','Login','it5@lamians.com','Đăng nhập thành công','13','2020-04-28 08:05:42','13','2020-04-28 08:05:42',NULL,'2020-04-28 08:05:42'),(12,1,'0','Login','admin@rbooks.vn','Đăng nhập thành công','1','2020-04-28 08:07:52','1','2020-04-28 08:07:52',NULL,'2020-04-28 08:07:52'),(13,13,'0','Login','it5@lamians.com','Đăng nhập thành công','13','2020-04-28 08:09:45','13','2020-04-28 08:09:45',NULL,'2020-04-28 08:09:45'),(14,1,'0','Login','admin@rbooks.vn','Đăng nhập thành công','1','2020-04-28 08:11:49','1','2020-04-28 08:11:49',NULL,'2020-04-28 08:11:49'),(15,13,'0','Login','it5@lamians.com','Đăng nhập thành công','13','2020-04-28 08:13:30','13','2020-04-28 08:13:30',NULL,'2020-04-28 08:13:30'),(16,1,'0','Login','admin@rbooks.vn','Đăng nhập thành công','1','2020-04-28 11:36:51','1','2020-04-28 11:36:51',NULL,'2020-04-28 11:36:51'),(17,3,'0','Login','b@lamians.com','Đăng nhập thành công','3','2020-04-29 01:48:31','3','2020-04-29 01:48:31',NULL,'2020-04-29 01:48:31'),(18,2,'0','Login','a@lamians.com','Đăng nhập thành công','2','2020-04-29 02:36:12','2','2020-04-29 02:36:12',NULL,'2020-04-29 02:36:12'),(19,2,'0','Login','a@lamians.com','Đăng nhập vào hệ thống','2','2020-04-29 03:17:26','2','2020-04-29 03:17:26',NULL,'2020-04-29 03:17:26'),(20,1,'0','Login','admin@rbooks.vn','Đăng nhập vào hệ thống','1','2020-04-29 03:19:02','1','2020-04-29 03:19:02',NULL,'2020-04-29 03:19:02'),(21,1,'0','Login','admin@rbooks.vn','Đăng nhập vào hệ thống','1','2020-04-29 03:25:19','1','2020-04-29 03:25:19',NULL,'2020-04-29 03:25:19'),(22,2,'0','Login','a@lamians.com','Đăng nhập vào hệ thống','2','2020-04-29 03:25:40','2','2020-04-29 03:25:40',NULL,'2020-04-29 03:25:40'),(23,2,'0','Login','a@lamians.com','Đăng nhập vào hệ thống','2','2020-04-29 04:26:35','2','2020-04-29 04:26:35',NULL,'2020-04-29 04:26:35'),(24,2,'0','Login','a@lamians.com','Đăng nhập vào hệ thống','2','2020-04-29 07:15:27','2','2020-04-29 07:15:27',NULL,'2020-04-29 07:15:27'),(25,1,'0','Login','admin@rbooks.vn','Đăng nhập vào hệ thống','1','2020-04-29 07:24:35','1','2020-04-29 07:24:35',NULL,'2020-04-29 07:24:35'),(26,1,'0','Login','admin@rbooks.vn','Đăng nhập vào hệ thống','1','2020-04-29 07:27:46','1','2020-04-29 07:27:46',NULL,'2020-04-29 07:27:46'),(27,3,'0','Login','b@lamians.com','Đăng nhập vào hệ thống','3','2020-04-29 08:32:18','3','2020-04-29 08:32:18',NULL,'2020-04-29 08:32:18'),(28,13,'0','Login','it5@lamians.com','Đăng nhập vào hệ thống','13','2020-04-29 08:32:58','13','2020-04-29 08:32:58',NULL,'2020-04-29 08:32:58'),(29,1,'0','Login','admin@rbooks.vn','Đăng nhập vào hệ thống','1','2020-04-29 08:36:53','1','2020-04-29 08:36:53',NULL,'2020-04-29 08:36:53'),(30,13,'0','Login','it5@lamians.com','Đăng nhập vào hệ thống','13','2020-04-29 08:37:18','13','2020-04-29 08:37:18',NULL,'2020-04-29 08:37:18'),(31,3,'0','Login','b@lamians.com','Đăng nhập vào hệ thống','3','2020-04-29 08:44:05','3','2020-04-29 08:44:05',NULL,'2020-04-29 08:44:05'),(32,2,'0','Login','a@lamians.com','Đăng nhập vào hệ thống','2','2020-04-29 09:07:16','2','2020-04-29 09:07:16',NULL,'2020-04-29 09:07:16'),(33,13,'0','Login','it5@lamians.com','Đăng nhập vào hệ thống','13','2020-04-29 09:54:24','13','2020-04-29 09:54:24',NULL,'2020-04-29 09:54:24'),(34,1,'0','Login','admin@rbooks.vn','Đăng nhập vào hệ thống','1','2020-05-04 03:01:19','1','2020-05-04 03:01:19',NULL,'2020-05-04 03:01:19'),(35,13,'0','Login','it5@lamians.com','Đăng nhập vào hệ thống','13','2020-05-04 05:44:58','13','2020-05-04 05:44:58',NULL,'2020-05-04 05:44:58'),(36,13,'0','Login','it5@lamians.com','Đăng nhập vào hệ thống','13','2020-05-04 07:30:49','13','2020-05-04 07:30:49',NULL,'2020-05-04 07:30:49'),(37,13,'0','Login','it5@lamians.com','Đăng nhập vào hệ thống','13','2020-05-04 12:23:56','13','2020-05-04 12:23:56',NULL,'2020-05-04 12:23:56'),(38,1,'0','Login','admin@rbooks.vn','Đăng nhập vào hệ thống','1','2020-05-04 12:25:43','1','2020-05-04 12:25:43',NULL,'2020-05-04 12:25:43'),(39,2,'0','Login','a@lamians.com','Đăng nhập vào hệ thống','2','2020-05-05 11:04:02','2','2020-05-05 11:04:02',NULL,'2020-05-05 11:04:02'),(40,1,'0','Login','admin@rbooks.vn','Đăng nhập vào hệ thống','1','2020-05-05 11:07:22','1','2020-05-05 11:07:22',NULL,'2020-05-05 11:07:22'),(41,2,'0','Login','a@lamians.com','Đăng nhập vào hệ thống','2','2020-05-06 01:11:11','2','2020-05-06 01:11:11',NULL,'2020-05-06 01:11:11'),(42,13,'0','Login','it5@lamians.com','Đăng nhập vào hệ thống','13','2020-05-06 02:34:01','13','2020-05-06 02:34:01',NULL,'2020-05-06 02:34:01'),(43,13,'0','Login','it5@lamians.com','Đăng nhập vào hệ thống','13','2020-05-06 02:58:11','13','2020-05-06 02:58:11',NULL,'2020-05-06 02:58:11'),(44,1,'0','Login','admin@rbooks.vn','Đăng nhập vào hệ thống','1','2020-05-06 08:14:13','1','2020-05-06 08:14:13',NULL,'2020-05-06 08:14:13'),(45,1,'0','Login','admin@rbooks.vn','Đăng nhập vào hệ thống','1','2020-05-06 08:39:22','1','2020-05-06 08:39:22',NULL,'2020-05-06 08:39:22'),(46,15,'0','Login','kkimdasom95@gmail.com','Đăng nhập vào hệ thống','15','2020-05-06 08:55:36','15','2020-05-06 08:55:36',NULL,'2020-05-06 08:55:36'),(47,1,'0','Login','admin@rbooks.vn','Đăng nhập vào hệ thống','1','2020-05-06 09:00:19','1','2020-05-06 09:00:19',NULL,'2020-05-06 09:00:19'),(48,13,'0','Login','it5@lamians.com','Đăng nhập vào hệ thống','13','2020-05-06 09:03:43','13','2020-05-06 09:03:43',NULL,'2020-05-06 09:03:43'),(49,13,'0','Login','it5@lamians.com','Đăng nhập vào hệ thống','13','2020-05-06 09:29:03','13','2020-05-06 09:29:03',NULL,'2020-05-06 09:29:03'),(50,2,'0','Login','a@lamians.com','Đăng nhập vào hệ thống','2','2020-05-06 10:09:29','2','2020-05-06 10:09:29',NULL,'2020-05-06 10:09:29'),(51,13,'0','Login','it5@lamians.com','Đăng nhập vào hệ thống','13','2020-05-06 15:17:38','13','2020-05-06 15:17:38',NULL,'2020-05-06 15:17:38'),(52,3,'0','Login','b@lamians.com','Đăng nhập vào hệ thống','3','2020-05-06 15:17:52','3','2020-05-06 15:17:52',NULL,'2020-05-06 15:17:52'),(53,13,'0','Login','it5@lamians.com','Đăng nhập vào hệ thống','13','2020-05-07 08:48:18','13','2020-05-07 08:48:18',NULL,'2020-05-07 08:48:18'),(54,3,'0','Login','b@lamians.com','Đăng nhập vào hệ thống','3','2020-05-07 08:57:32','3','2020-05-07 08:57:32',NULL,'2020-05-07 08:57:32'),(55,1,'0','Login','admin@rbooks.vn','Đăng nhập vào hệ thống','1','2020-05-07 09:01:06','1','2020-05-07 09:01:06',NULL,'2020-05-07 09:01:06'),(56,2,'0','Login','a@lamians.com','Đăng nhập vào hệ thống','2','2020-05-07 09:12:29','2','2020-05-07 09:12:29',NULL,'2020-05-07 09:12:29'),(57,3,'0','Login','b@lamians.com','Đăng nhập vào hệ thống','3','2020-05-07 12:11:26','3','2020-05-07 12:11:26',NULL,'2020-05-07 12:11:26'),(58,2,'0','Login','a@lamians.com','Đăng nhập vào hệ thống','2','2020-05-08 10:50:56','2','2020-05-08 10:50:56',NULL,'2020-05-08 10:50:56'),(59,13,'0','Login','it5@lamians.com','Đăng nhập vào hệ thống','13','2020-05-10 09:13:54','13','2020-05-10 09:13:54',NULL,'2020-05-10 09:13:54'),(60,2,'0','Login','a@lamians.com','Đăng nhập vào hệ thống','2','2020-05-11 02:27:34','2','2020-05-11 02:27:34',NULL,'2020-05-11 02:27:34'),(61,2,'0','Login','a@lamians.com','Đăng nhập vào hệ thống','2','2020-05-11 02:28:44','2','2020-05-11 02:28:44',NULL,'2020-05-11 02:28:44'),(62,1,'0','Login','admin@rbooks.vn','Đăng nhập vào hệ thống','1','2020-05-11 02:32:35','1','2020-05-11 02:32:35',NULL,'2020-05-11 02:32:35'),(63,2,'0','Login','a@lamians.com','Đăng nhập vào hệ thống','2','2020-05-12 01:35:21','2','2020-05-12 01:35:21',NULL,'2020-05-12 01:35:21'),(64,1,'0','Login','admin@rbooks.vn','Đăng nhập vào hệ thống','1','2020-05-12 06:32:04','1','2020-05-12 06:32:04',NULL,'2020-05-12 06:32:04'),(65,6,'0','Login','it5@lamians.com','Đăng nhập vào hệ thống','6','2020-05-12 08:26:21','6','2020-05-12 08:26:21',NULL,'2020-05-12 08:26:21'),(66,1,'0','Login','admin@rbooks.vn','Đăng nhập vào hệ thống','1','2020-05-12 09:42:08','1','2020-05-12 09:42:08',NULL,'2020-05-12 09:42:08'),(67,2,'0','Login','a@lamians.com','Đăng nhập vào hệ thống','2','2020-05-12 10:00:59','2','2020-05-12 10:00:59',NULL,'2020-05-12 10:00:59'),(68,13,'0','Login','it5@lamians.com','Đăng nhập vào hệ thống','13','2020-05-13 10:25:09','13','2020-05-13 10:25:09',NULL,'2020-05-13 10:25:09'),(69,3,'0','Login','b@lamians.com','Đăng nhập vào hệ thống','3','2020-05-13 12:08:27','3','2020-05-13 12:08:27',NULL,'2020-05-13 12:08:27'),(70,2,'0','Login','a@lamians.com','Đăng nhập vào hệ thống','2','2020-05-14 02:35:04','2','2020-05-14 02:35:04',NULL,'2020-05-14 02:35:04'),(71,13,'0','Login','it5@lamians.com','Đăng nhập vào hệ thống','13','2020-05-14 07:35:46','13','2020-05-14 07:35:46',NULL,'2020-05-14 07:35:46'),(72,13,'0','Login','it5@lamians.com','Đăng nhập vào hệ thống','13','2020-05-14 10:16:38','13','2020-05-14 10:16:38',NULL,'2020-05-14 10:16:38'),(73,13,'0','Login','it5@lamians.com','Đăng nhập vào hệ thống','13','2020-05-14 12:48:59','13','2020-05-14 12:48:59',NULL,'2020-05-14 12:48:59'),(74,1,'0','Login','admin@rbooks.vn','Đăng nhập vào hệ thống','1','2020-05-15 02:56:57','1','2020-05-15 02:56:57',NULL,'2020-05-15 02:56:57'),(75,1,'0','Login','admin@rbooks.vn','Đăng nhập vào hệ thống','1','2020-05-15 03:02:09','1','2020-05-15 03:02:09',NULL,'2020-05-15 03:02:09'),(76,2,'0','Login','a@lamians.com','Đăng nhập vào hệ thống','2','2020-05-18 01:57:50','2','2020-05-18 01:57:50',NULL,'2020-05-18 01:57:50'),(77,2,'0','Login','a@lamians.com','Đăng nhập vào hệ thống','2','2020-05-19 04:24:01','2','2020-05-19 04:24:01',NULL,'2020-05-19 04:24:01'),(78,1,'0','Login','admin@rbooks.vn','Đăng nhập vào hệ thống','1','2020-05-19 04:24:43','1','2020-05-19 04:24:43',NULL,'2020-05-19 04:24:43'),(79,1,'0','Login','admin@rbooks.vn','Đăng nhập vào hệ thống','1','2020-05-19 08:46:42','1','2020-05-19 08:46:42',NULL,'2020-05-19 08:46:42'),(80,13,'0','Login','it5@lamians.com','Đăng nhập vào hệ thống','13','2020-05-19 08:50:18','13','2020-05-19 08:50:18',NULL,'2020-05-19 08:50:18'),(81,13,'0','Login','it5@lamians.com','Đăng nhập vào hệ thống','13','2020-05-19 08:53:28','13','2020-05-19 08:53:28',NULL,'2020-05-19 08:53:28'),(82,1,'0','Login','admin@rbooks.vn','Đăng nhập vào hệ thống','1','2020-05-19 08:56:09','1','2020-05-19 08:56:09',NULL,'2020-05-19 08:56:09'),(83,2,'0','Login','a@lamians.com','Đăng nhập vào hệ thống','2','2020-05-19 09:35:18','2','2020-05-19 09:35:18',NULL,'2020-05-19 09:35:18'),(84,2,'0','Login','a@lamians.com','Đăng nhập vào hệ thống','2','2020-05-19 09:37:27','2','2020-05-19 09:37:27',NULL,'2020-05-19 09:37:27'),(85,13,'0','Login','it5@lamians.com','Đăng nhập vào hệ thống','13','2020-05-20 02:25:24','13','2020-05-20 02:25:24',NULL,'2020-05-20 02:25:24'),(86,1,'0','Login','admin@rbooks.vn','Đăng nhập vào hệ thống','1','2020-05-20 04:15:38','1','2020-05-20 04:15:38',NULL,'2020-05-20 04:15:38'),(87,2,'0','Login','a@lamians.com','Đăng nhập vào hệ thống','2','2020-05-20 04:36:03','2','2020-05-20 04:36:03',NULL,'2020-05-20 04:36:03'),(88,13,'0','Login','it5@lamians.com','Đăng nhập vào hệ thống','13','2020-05-20 05:12:17','13','2020-05-20 05:12:17',NULL,'2020-05-20 05:12:17'),(89,2,'0','Login','a@lamians.com','Đăng nhập vào hệ thống','2','2020-05-20 06:22:56','2','2020-05-20 06:22:56',NULL,'2020-05-20 06:22:56'),(90,13,'0','Login','it5@lamians.com','Đăng nhập vào hệ thống','13','2020-05-20 07:22:11','13','2020-05-20 07:22:11',NULL,'2020-05-20 07:22:11'),(91,1,'0','Login','admin@rbooks.vn','Đăng nhập vào hệ thống','1','2020-05-20 07:35:53','1','2020-05-20 07:35:53',NULL,'2020-05-20 07:35:53'),(92,2,'0','Login','a@lamians.com','Đăng nhập vào hệ thống','2','2020-05-20 07:37:55','2','2020-05-20 07:37:55',NULL,'2020-05-20 07:37:55'),(93,3,'0','Login','b@lamians.com','Đăng nhập vào hệ thống','3','2020-05-20 07:49:56','3','2020-05-20 07:49:56',NULL,'2020-05-20 07:49:56'),(94,4,'0','Login','c@lamians.com','Đăng nhập vào hệ thống','4','2020-05-20 07:50:33','4','2020-05-20 07:50:33',NULL,'2020-05-20 07:50:33'),(95,13,'0','Login','it5@lamians.com','Đăng nhập vào hệ thống','13','2020-05-21 01:43:08','13','2020-05-21 01:43:08',NULL,'2020-05-21 01:43:08'),(96,13,'0','Login','it5@lamians.com','Đăng nhập vào hệ thống','13','2020-05-21 02:20:55','13','2020-05-21 02:20:55',NULL,'2020-05-21 02:20:55'),(97,13,'0','Login','it5@lamians.com','Đăng nhập vào hệ thống','13','2020-05-21 07:22:07','13','2020-05-21 07:22:07',NULL,'2020-05-21 07:22:07'),(98,13,'0','Login','it5@lamians.com','Đăng nhập vào hệ thống','13','2020-05-21 07:22:07','13','2020-05-21 07:22:07',NULL,'2020-05-21 07:22:07'),(99,13,'0','Login','it5@lamians.com','Đăng nhập vào hệ thống','13','2020-05-21 07:48:32','13','2020-05-21 07:48:32',NULL,'2020-05-21 07:48:32'),(100,1,'0','Login','admin@rbooks.vn','Đăng nhập vào hệ thống','1','2020-05-21 10:15:17','1','2020-05-21 10:15:17',NULL,'2020-05-21 10:15:17'),(101,1,'0','Login','admin@rbooks.vn','Đăng nhập vào hệ thống','1','2020-05-21 10:16:19','1','2020-05-21 10:16:19',NULL,'2020-05-21 10:16:19'),(102,2,'0','Login','a@lamians.com','Đăng nhập vào hệ thống','2','2020-05-21 10:16:44','2','2020-05-21 10:16:44',NULL,'2020-05-21 10:16:44'),(103,13,'0','Login','it5@lamians.com','Đăng nhập vào hệ thống','13','2020-05-21 10:21:05','13','2020-05-21 10:21:05',NULL,'2020-05-21 10:21:05'),(104,13,'0','Login','it5@lamians.com','Đăng nhập vào hệ thống','13','2020-05-21 10:24:30','13','2020-05-21 10:24:30',NULL,'2020-05-21 10:24:30'),(105,6,'0','Login','it5@lamians.com','Đăng nhập vào hệ thống','6','2020-05-22 01:14:47','6','2020-05-22 01:14:47',NULL,'2020-05-22 01:14:47'),(106,13,'0','Login','it5@lamians.com','Đăng nhập vào hệ thống','13','2020-05-22 01:25:14','13','2020-05-22 01:25:14',NULL,'2020-05-22 01:25:14'),(107,6,'0','Login','it5@lamians.com','Đăng nhập vào hệ thống','6','2020-05-22 06:23:23','6','2020-05-22 06:23:23',NULL,'2020-05-22 06:23:23'),(108,13,'0','Login','it5@lamians.com','Đăng nhập vào hệ thống','13','2020-05-22 06:46:11','13','2020-05-22 06:46:11',NULL,'2020-05-22 06:46:11'),(109,2,'0','Login','a@lamians.com','Đăng nhập vào hệ thống','2','2020-05-22 06:50:34','2','2020-05-22 06:50:34',NULL,'2020-05-22 06:50:34'),(110,13,'0','Login','it5@lamians.com','Đăng nhập vào hệ thống','13','2020-05-22 06:52:26','13','2020-05-22 06:52:26',NULL,'2020-05-22 06:52:26'),(111,13,'0','Login','it5@lamians.com','Đăng nhập vào hệ thống','13','2020-05-23 01:37:44','13','2020-05-23 01:37:44',NULL,'2020-05-23 01:37:44'),(112,13,'0','Login','it5@lamians.com','Đăng nhập vào hệ thống','13','2020-05-25 02:10:01','13','2020-05-25 02:10:01',NULL,'2020-05-25 02:10:01'),(113,6,'0','Login','it5@lamians.com','Đăng nhập vào hệ thống','6','2020-05-26 01:08:44','6','2020-05-26 01:08:44',NULL,'2020-05-26 01:08:44'),(114,13,'0','Login','it5@lamians.com','Đăng nhập vào hệ thống','13','2020-05-26 01:09:06','13','2020-05-26 01:09:06',NULL,'2020-05-26 01:09:06'),(115,1,'0','Login','admin@rbooks.vn','Đăng nhập vào hệ thống','1','2020-05-26 09:06:48','1','2020-05-26 09:06:48',NULL,'2020-05-26 09:06:48'),(116,13,'0','Login','it5@lamians.com','Đăng nhập vào hệ thống','13','2020-05-27 01:07:45','13','2020-05-27 01:07:45',NULL,'2020-05-27 01:07:45'),(117,6,'0','Login','it5@lamians.com','Đăng nhập vào hệ thống','6','2020-05-27 01:45:33','6','2020-05-27 01:45:33',NULL,'2020-05-27 01:45:33'),(118,13,'0','Login','it5@lamians.com','Đăng nhập vào hệ thống','13','2020-05-27 01:55:13','13','2020-05-27 01:55:13',NULL,'2020-05-27 01:55:13'),(119,13,'0','Login','it5@lamians.com','Đăng nhập vào hệ thống','13','2020-05-27 01:59:13','13','2020-05-27 01:59:13',NULL,'2020-05-27 01:59:13'),(120,1,'0','Login','admin@rbooks.vn','Đăng nhập vào hệ thống','1','2020-05-27 02:49:05','1','2020-05-27 02:49:05',NULL,'2020-05-27 02:49:05'),(121,1,'0','Login','admin@rbooks.vn','Đăng nhập vào hệ thống','1','2020-05-27 02:49:57','1','2020-05-27 02:49:57',NULL,'2020-05-27 02:49:57'),(122,2,'0','Login','a@lamians.com','Đăng nhập vào hệ thống','2','2020-05-27 03:52:54','2','2020-05-27 03:52:54',NULL,'2020-05-27 03:52:54'),(123,2,'0','Login','a@lamians.com','Đăng nhập vào hệ thống','2','2020-05-27 03:55:28','2','2020-05-27 03:55:28',NULL,'2020-05-27 03:55:28'),(124,2,'0','Login','a@lamians.com','Đăng nhập vào hệ thống','2','2020-05-27 03:57:53','2','2020-05-27 03:57:53',NULL,'2020-05-27 03:57:53'),(125,3,'0','Login','b@lamians.com','Đăng nhập vào hệ thống','3','2020-05-27 03:58:50','3','2020-05-27 03:58:50',NULL,'2020-05-27 03:58:50'),(126,2,'0','Login','a@lamians.com','Đăng nhập vào hệ thống','2','2020-05-27 04:03:35','2','2020-05-27 04:03:35',NULL,'2020-05-27 04:03:35'),(127,2,'0','Login','a@lamians.com','Đăng nhập vào hệ thống','2','2020-05-27 04:06:30','2','2020-05-27 04:06:30',NULL,'2020-05-27 04:06:30'),(128,2,'0','Login','a@lamians.com','Đăng nhập vào hệ thống','2','2020-05-27 04:08:29','2','2020-05-27 04:08:29',NULL,'2020-05-27 04:08:29'),(129,3,'0','Login','b@lamians.com','Đăng nhập vào hệ thống','3','2020-05-27 04:10:58','3','2020-05-27 04:10:58',NULL,'2020-05-27 04:10:58'),(130,13,'0','Login','it5@lamians.com','Đăng nhập vào hệ thống','13','2020-05-28 01:37:12','13','2020-05-28 01:37:12',NULL,'2020-05-28 01:37:12'),(131,13,'0','Login','it5@lamians.com','Đăng nhập vào hệ thống','13','2020-05-29 01:18:21','13','2020-05-29 01:18:21',NULL,'2020-05-29 01:18:21'),(132,2,'0','Login','a@lamians.com','Đăng nhập vào hệ thống','2','2020-05-29 10:15:00','2','2020-05-29 10:15:00',NULL,'2020-05-29 10:15:00'),(133,6,'0','Login','it5@lamians.com','Đăng nhập vào hệ thống','6','2020-05-30 02:34:28','6','2020-05-30 02:34:28',NULL,'2020-05-30 02:34:28'),(134,13,'0','Login','it5@lamians.com','Đăng nhập vào hệ thống','13','2020-05-30 02:34:33','13','2020-05-30 02:34:33',NULL,'2020-05-30 02:34:33'),(135,13,'0','Login','it5@lamians.com','Đăng nhập vào hệ thống','13','2020-05-30 02:37:50','13','2020-05-30 02:37:50',NULL,'2020-05-30 02:37:50'),(136,13,'0','Login','it5@lamians.com','Đăng nhập vào hệ thống','13','2020-05-30 02:41:08','13','2020-05-30 02:41:08',NULL,'2020-05-30 02:41:08'),(137,2,'0','Login','a@lamians.com','Đăng nhập vào hệ thống','2','2020-05-30 04:30:45','2','2020-05-30 04:30:45',NULL,'2020-05-30 04:30:45'),(138,13,'0','Login','it5@lamians.com','Đăng nhập vào hệ thống','13','2020-05-30 04:39:16','13','2020-05-30 04:39:16',NULL,'2020-05-30 04:39:16'),(139,13,'0','Login','it5@lamians.com','Đăng nhập vào hệ thống','13','2020-05-30 06:11:15','13','2020-05-30 06:11:15',NULL,'2020-05-30 06:11:15'),(140,13,'0','Login','it5@lamians.com','Đăng nhập vào hệ thống','13','2020-05-30 06:13:53','13','2020-05-30 06:13:53',NULL,'2020-05-30 06:13:53'),(141,13,'0','Login','it5@lamians.com','Đăng nhập vào hệ thống','13','2020-06-01 01:13:28','13','2020-06-01 01:13:28',NULL,'2020-06-01 01:13:28'),(142,13,'0','Login','it5@lamians.com','Đăng nhập vào hệ thống','13','2020-06-01 02:25:59','13','2020-06-01 02:25:59',NULL,'2020-06-01 02:25:59'),(143,2,'0','Login','a@lamians.com','Đăng nhập vào hệ thống','2','2020-06-01 03:19:20','2','2020-06-01 03:19:20',NULL,'2020-06-01 03:19:20'),(144,1,'0','Login','admin@rbooks.vn','Đăng nhập vào hệ thống','1','2020-06-01 03:28:09','1','2020-06-01 03:28:09',NULL,'2020-06-01 03:28:09'),(145,1,'0','Login','admin@rbooks.vn','Đăng nhập vào hệ thống','1','2020-06-01 03:29:32','1','2020-06-01 03:29:32',NULL,'2020-06-01 03:29:32'),(146,1,'0','Login','admin@rbooks.vn','Đăng nhập vào hệ thống','1','2020-06-01 03:33:53','1','2020-06-01 03:33:53',NULL,'2020-06-01 03:33:53'),(147,13,'0','Login','it5@lamians.com','Đăng nhập vào hệ thống','13','2020-06-01 03:43:50','13','2020-06-01 03:43:50',NULL,'2020-06-01 03:43:50'),(148,13,'0','Login','it5@lamians.com','Đăng nhập vào hệ thống','13','2020-06-01 03:51:42','13','2020-06-01 03:51:42',NULL,'2020-06-01 03:51:42'),(149,13,'0','Login','it5@lamians.com','Đăng nhập vào hệ thống','13','2020-06-01 08:06:54','13','2020-06-01 08:06:54',NULL,'2020-06-01 08:06:54'),(150,2,'0','Login','a@lamians.com','Đăng nhập vào hệ thống','2','2020-06-01 10:03:41','2','2020-06-01 10:03:41',NULL,'2020-06-01 10:03:41'),(151,2,'0','Login','a@lamians.com','Đăng nhập vào hệ thống','2','2020-06-02 02:01:42','2','2020-06-02 02:01:42',NULL,'2020-06-02 02:01:42'),(152,13,'0','Login','it5@lamians.com','Đăng nhập vào hệ thống','13','2020-06-02 02:25:13','13','2020-06-02 02:25:13',NULL,'2020-06-02 02:25:13'),(153,13,'0','Login','it5@lamians.com','Đăng nhập vào hệ thống','13','2020-06-02 02:34:37','13','2020-06-02 02:34:37',NULL,'2020-06-02 02:34:37'),(154,2,'0','Login','a@lamians.com','Đăng nhập vào hệ thống','2','2020-06-02 07:04:21','2','2020-06-02 07:04:21',NULL,'2020-06-02 07:04:21'),(155,13,'0','Login','it5@lamians.com','Đăng nhập vào hệ thống','13','2020-06-02 08:39:32','13','2020-06-02 08:39:32',NULL,'2020-06-02 08:39:32'),(156,13,'0','Login','it5@lamians.com','Đăng nhập vào hệ thống','13','2020-06-02 10:30:22','13','2020-06-02 10:30:22',NULL,'2020-06-02 10:30:22'),(157,2,'0','Login','a@lamians.com','Đăng nhập vào hệ thống','2','2020-06-03 01:14:13','2','2020-06-03 01:14:13',NULL,'2020-06-03 01:14:13'),(158,13,'0','Login','it5@lamians.com','Đăng nhập vào hệ thống','13','2020-06-03 01:17:37','13','2020-06-03 01:17:37',NULL,'2020-06-03 01:17:37'),(159,13,'0','Login','it5@lamians.com','Đăng nhập vào hệ thống','13','2020-06-03 08:53:45','13','2020-06-03 08:53:45',NULL,'2020-06-03 08:53:45'),(160,2,'0','Login','a@lamians.com','Đăng nhập vào hệ thống','2','2020-06-03 09:29:22','2','2020-06-03 09:29:22',NULL,'2020-06-03 09:29:22'),(161,1,'0','Login','admin@rbooks.vn','Đăng nhập vào hệ thống','1','2020-06-03 09:37:44','1','2020-06-03 09:37:44',NULL,'2020-06-03 09:37:44'),(162,2,'0','Login','a@lamians.com','Đăng nhập vào hệ thống','2','2020-06-04 01:46:05','2','2020-06-04 01:46:05',NULL,'2020-06-04 01:46:05'),(163,13,'0','Login','it5@lamians.com','Đăng nhập vào hệ thống','13','2020-06-04 02:20:19','13','2020-06-04 02:20:19',NULL,'2020-06-04 02:20:19'),(164,13,'0','Login','it5@lamians.com','Đăng nhập vào hệ thống','13','2020-06-04 06:15:50','13','2020-06-04 06:15:50',NULL,'2020-06-04 06:15:50'),(165,1,'0','Login','admin@rbooks.vn','Đăng nhập vào hệ thống','1','2020-06-04 06:54:28','1','2020-06-04 06:54:28',NULL,'2020-06-04 06:54:28'),(166,18,'0','Login','it4@lamians.com','Đăng nhập vào hệ thống','18','2020-06-04 07:00:33','18','2020-06-04 07:00:33',NULL,'2020-06-04 07:00:33'),(167,1,'0','Login','admin@rbooks.vn','Đăng nhập vào hệ thống','1','2020-06-04 07:01:54','1','2020-06-04 07:01:54',NULL,'2020-06-04 07:01:54'),(168,2,'0','Login','a@lamians.com','Đăng nhập vào hệ thống','2','2020-06-04 07:33:15','2','2020-06-04 07:33:15',NULL,'2020-06-04 07:33:15'),(169,18,'0','Login','it4@lamians.com','Đăng nhập vào hệ thống','18','2020-06-04 08:28:52','18','2020-06-04 08:28:52',NULL,'2020-06-04 08:28:52'),(170,6,'0','Login','it5@lamians.com','Đăng nhập vào hệ thống','6','2020-06-04 08:30:36','6','2020-06-04 08:30:36',NULL,'2020-06-04 08:30:36'),(171,13,'0','Login','it5@lamians.com','Đăng nhập vào hệ thống','13','2020-06-04 08:39:49','13','2020-06-04 08:39:49',NULL,'2020-06-04 08:39:49'),(172,13,'0','Login','it5@lamians.com','Đăng nhập vào hệ thống','13','2020-06-04 09:18:16','13','2020-06-04 09:18:16',NULL,'2020-06-04 09:18:16'),(173,1,'0','Login','admin@rbooks.vn','Đăng nhập vào hệ thống','1','2020-06-05 03:38:35','1','2020-06-05 03:38:35',NULL,'2020-06-05 03:38:35'),(174,1,'0','Login','admin@rbooks.vn','Đăng nhập vào hệ thống','1','2020-06-05 06:55:27','1','2020-06-05 06:55:27',NULL,'2020-06-05 06:55:27'),(175,2,'0','Login','a@lamians.com','Đăng nhập vào hệ thống','2','2020-06-05 07:50:44','2','2020-06-05 07:50:44',NULL,'2020-06-05 07:50:44'),(176,2,'0','Login','a@lamians.com','Đăng nhập vào hệ thống','2','2020-06-05 09:08:09','2','2020-06-05 09:08:09',NULL,'2020-06-05 09:08:09'),(177,1,'0','Login','admin@rbooks.vn','Đăng nhập vào hệ thống','1','2020-06-05 09:08:22','1','2020-06-05 09:08:22',NULL,'2020-06-05 09:08:22'),(178,1,'0','Login','admin@rbooks.vn','Đăng nhập vào hệ thống','1','2020-06-09 07:08:52','1','2020-06-09 07:08:52',NULL,'2020-06-09 07:08:52'),(179,2,'0','Login','a@lamians.com','Đăng nhập vào hệ thống','2','2020-06-09 07:15:01','2','2020-06-09 07:15:01',NULL,'2020-06-09 07:15:01'),(180,2,'0','Login','a@lamians.com','Đăng nhập vào hệ thống','2','2020-06-09 08:08:55','2','2020-06-09 08:08:55',NULL,'2020-06-09 08:08:55'),(181,1,'0','Login','admin@rbooks.vn','Đăng nhập vào hệ thống','1','2020-06-09 09:57:49','1','2020-06-09 09:57:49',NULL,'2020-06-09 09:57:49'),(182,1,'0','Login','admin@rbooks.vn','Đăng nhập vào hệ thống','1','2020-06-10 01:57:24','1','2020-06-10 01:57:24',NULL,'2020-06-10 01:57:24'),(183,2,'0','Login','a@lamians.com','Đăng nhập vào hệ thống','2','2020-06-10 02:15:38','2','2020-06-10 02:15:38',NULL,'2020-06-10 02:15:38'),(184,1,'0','Login','admin@rbooks.vn','Đăng nhập vào hệ thống','1','2020-06-10 02:52:54','1','2020-06-10 02:52:54',NULL,'2020-06-10 02:52:54'),(185,1,'0','Login','admin@rbooks.vn','Đăng nhập vào hệ thống','1','2020-06-10 03:23:20','1','2020-06-10 03:23:20',NULL,'2020-06-10 03:23:20'),(186,1,'0','Login','admin@rbooks.vn','Đăng nhập vào hệ thống','1','2020-06-10 03:23:36','1','2020-06-10 03:23:36',NULL,'2020-06-10 03:23:36'),(187,1,'0','Login','admin@rbooks.vn','Đăng nhập vào hệ thống','1','2020-06-10 03:25:09','1','2020-06-10 03:25:09',NULL,'2020-06-10 03:25:09'),(188,1,'0','Login','admin@rbooks.vn','Đăng nhập vào hệ thống','1','2020-06-10 03:26:27','1','2020-06-10 03:26:27',NULL,'2020-06-10 03:26:27'),(189,1,'0','Login','admin@rbooks.vn','Đăng nhập vào hệ thống','1','2020-06-10 03:27:22','1','2020-06-10 03:27:22',NULL,'2020-06-10 03:27:22'),(190,1,'0','Login','admin@rbooks.vn','Đăng nhập vào hệ thống','1','2020-06-10 03:27:26','1','2020-06-10 03:27:26',NULL,'2020-06-10 03:27:26'),(191,1,'0','Login','admin@rbooks.vn','Đăng nhập vào hệ thống','1','2020-06-10 03:27:36','1','2020-06-10 03:27:36',NULL,'2020-06-10 03:27:36'),(192,1,'0','Login','admin@rbooks.vn','Đăng nhập vào hệ thống','1','2020-06-10 03:33:32','1','2020-06-10 03:33:32',NULL,'2020-06-10 03:33:32'),(193,1,'0','Login','admin@rbooks.vn','Đăng nhập vào hệ thống','1','2020-06-10 03:39:18','1','2020-06-10 03:39:18',NULL,'2020-06-10 03:39:18'),(194,1,'0','Login','admin@rbooks.vn','Đăng nhập vào hệ thống','1','2020-06-10 03:40:49','1','2020-06-10 03:40:49',NULL,'2020-06-10 03:40:49'),(195,1,'0','Login','admin@rbooks.vn','Đăng nhập vào hệ thống','1','2020-06-10 03:46:38','1','2020-06-10 03:46:38',NULL,'2020-06-10 03:46:38'),(196,1,'0','Login','admin@rbooks.vn','Đăng nhập vào hệ thống','1','2020-06-10 03:49:50','1','2020-06-10 03:49:50',NULL,'2020-06-10 03:49:50'),(197,1,'0','Login','admin@rbooks.vn','Đăng nhập vào hệ thống','1','2020-06-10 03:53:01','1','2020-06-10 03:53:01',NULL,'2020-06-10 03:53:01'),(198,1,'0','Login','admin@rbooks.vn','Đăng nhập vào hệ thống','1','2020-06-10 03:53:11','1','2020-06-10 03:53:11',NULL,'2020-06-10 03:53:11'),(199,1,'0','Login','admin@rbooks.vn','Đăng nhập vào hệ thống','1','2020-06-10 03:53:47','1','2020-06-10 03:53:47',NULL,'2020-06-10 03:53:47'),(200,1,'0','Login','admin@rbooks.vn','Đăng nhập vào hệ thống','1','2020-06-10 03:54:51','1','2020-06-10 03:54:51',NULL,'2020-06-10 03:54:51'),(201,1,'0','Login','admin@rbooks.vn','Đăng nhập vào hệ thống','1','2020-06-10 03:57:28','1','2020-06-10 03:57:28',NULL,'2020-06-10 03:57:28'),(202,1,'0','Login','admin@rbooks.vn','Đăng nhập vào hệ thống','1','2020-06-10 03:57:39','1','2020-06-10 03:57:39',NULL,'2020-06-10 03:57:39'),(203,1,'0','Login','admin@rbooks.vn','Đăng nhập vào hệ thống','1','2020-06-10 03:57:48','1','2020-06-10 03:57:48',NULL,'2020-06-10 03:57:48'),(204,1,'0','Login','admin@rbooks.vn','Đăng nhập vào hệ thống','1','2020-06-10 03:58:18','1','2020-06-10 03:58:18',NULL,'2020-06-10 03:58:18'),(205,1,'0','Login','admin@rbooks.vn','Đăng nhập vào hệ thống','1','2020-06-10 03:59:18','1','2020-06-10 03:59:18',NULL,'2020-06-10 03:59:18'),(206,1,'0','Login','admin@rbooks.vn','Đăng nhập vào hệ thống','1','2020-06-10 03:59:21','1','2020-06-10 03:59:21',NULL,'2020-06-10 03:59:21'),(207,1,'0','Login','admin@rbooks.vn','Đăng nhập vào hệ thống','1','2020-06-10 03:59:22','1','2020-06-10 03:59:22',NULL,'2020-06-10 03:59:22'),(208,1,'0','Login','admin@rbooks.vn','Đăng nhập vào hệ thống','1','2020-06-10 03:59:23','1','2020-06-10 03:59:23',NULL,'2020-06-10 03:59:23'),(209,1,'0','Login','admin@rbooks.vn','Đăng nhập vào hệ thống','1','2020-06-10 03:59:27','1','2020-06-10 03:59:27',NULL,'2020-06-10 03:59:27'),(210,1,'0','Login','admin@rbooks.vn','Đăng nhập vào hệ thống','1','2020-06-10 03:59:28','1','2020-06-10 03:59:28',NULL,'2020-06-10 03:59:28'),(211,1,'0','Login','admin@rbooks.vn','Đăng nhập vào hệ thống','1','2020-06-10 03:59:30','1','2020-06-10 03:59:30',NULL,'2020-06-10 03:59:30'),(212,1,'0','Login','admin@rbooks.vn','Đăng nhập vào hệ thống','1','2020-06-10 03:59:40','1','2020-06-10 03:59:40',NULL,'2020-06-10 03:59:40'),(213,1,'0','Login','admin@rbooks.vn','Đăng nhập vào hệ thống','1','2020-06-10 03:59:41','1','2020-06-10 03:59:41',NULL,'2020-06-10 03:59:41'),(214,1,'0','Login','admin@rbooks.vn','Đăng nhập vào hệ thống','1','2020-06-10 03:59:42','1','2020-06-10 03:59:42',NULL,'2020-06-10 03:59:42'),(215,1,'0','Login','admin@rbooks.vn','Đăng nhập vào hệ thống','1','2020-06-10 03:59:44','1','2020-06-10 03:59:44',NULL,'2020-06-10 03:59:44'),(216,1,'0','Login','admin@rbooks.vn','Đăng nhập vào hệ thống','1','2020-06-10 03:59:45','1','2020-06-10 03:59:45',NULL,'2020-06-10 03:59:45'),(217,1,'0','Login','admin@rbooks.vn','Đăng nhập vào hệ thống','1','2020-06-10 03:59:58','1','2020-06-10 03:59:58',NULL,'2020-06-10 03:59:58'),(218,1,'0','Login','admin@rbooks.vn','Đăng nhập vào hệ thống','1','2020-06-10 04:00:00','1','2020-06-10 04:00:00',NULL,'2020-06-10 04:00:00'),(219,1,'0','Login','admin@rbooks.vn','Đăng nhập vào hệ thống','1','2020-06-10 04:02:04','1','2020-06-10 04:02:04',NULL,'2020-06-10 04:02:04'),(220,1,'0','Login','admin@rbooks.vn','Đăng nhập vào hệ thống','1','2020-06-10 04:02:06','1','2020-06-10 04:02:06',NULL,'2020-06-10 04:02:06'),(221,1,'0','Login','admin@rbooks.vn','Đăng nhập vào hệ thống','1','2020-06-10 04:02:08','1','2020-06-10 04:02:08',NULL,'2020-06-10 04:02:08'),(222,1,'0','Login','admin@rbooks.vn','Đăng nhập vào hệ thống','1','2020-06-10 04:02:10','1','2020-06-10 04:02:10',NULL,'2020-06-10 04:02:10'),(223,1,'0','Login','admin@rbooks.vn','Đăng nhập vào hệ thống','1','2020-06-10 04:08:47','1','2020-06-10 04:08:47',NULL,'2020-06-10 04:08:47'),(224,1,'0','Login','admin@rbooks.vn','Đăng nhập vào hệ thống','1','2020-06-10 04:19:10','1','2020-06-10 04:19:10',NULL,'2020-06-10 04:19:10'),(225,1,'0','Login','admin@rbooks.vn','Đăng nhập vào hệ thống','1','2020-06-10 04:19:36','1','2020-06-10 04:19:36',NULL,'2020-06-10 04:19:36'),(226,1,'0','Login','admin@rbooks.vn','Đăng nhập vào hệ thống','1','2020-06-10 04:21:14','1','2020-06-10 04:21:14',NULL,'2020-06-10 04:21:14'),(227,1,'0','Login','admin@rbooks.vn','Đăng nhập vào hệ thống','1','2020-06-10 04:21:17','1','2020-06-10 04:21:17',NULL,'2020-06-10 04:21:17'),(228,1,'0','Login','admin@rbooks.vn','Đăng nhập vào hệ thống','1','2020-06-10 04:21:18','1','2020-06-10 04:21:18',NULL,'2020-06-10 04:21:18'),(229,1,'0','Login','admin@rbooks.vn','Đăng nhập vào hệ thống','1','2020-06-10 04:21:38','1','2020-06-10 04:21:38',NULL,'2020-06-10 04:21:38'),(230,1,'0','Login','admin@rbooks.vn','Đăng nhập vào hệ thống','1','2020-06-10 04:24:35','1','2020-06-10 04:24:35',NULL,'2020-06-10 04:24:35'),(231,1,'0','Login','admin@rbooks.vn','Đăng nhập vào hệ thống','1','2020-06-10 04:25:45','1','2020-06-10 04:25:45',NULL,'2020-06-10 04:25:45'),(232,1,'0','Login','admin@rbooks.vn','Đăng nhập vào hệ thống','1','2020-06-10 04:25:56','1','2020-06-10 04:25:56',NULL,'2020-06-10 04:25:56'),(233,1,'0','Login','admin@rbooks.vn','Đăng nhập vào hệ thống','1','2020-06-10 04:27:05','1','2020-06-10 04:27:05',NULL,'2020-06-10 04:27:05'),(234,1,'0','Login','admin@rbooks.vn','Đăng nhập vào hệ thống','1','2020-06-10 04:27:57','1','2020-06-10 04:27:57',NULL,'2020-06-10 04:27:57'),(235,1,'0','Login','admin@rbooks.vn','Đăng nhập vào hệ thống','1','2020-06-10 04:28:01','1','2020-06-10 04:28:01',NULL,'2020-06-10 04:28:01'),(236,1,'0','Login','admin@rbooks.vn','Đăng nhập vào hệ thống','1','2020-06-10 04:28:07','1','2020-06-10 04:28:07',NULL,'2020-06-10 04:28:07'),(237,1,'0','Login','admin@rbooks.vn','Đăng nhập vào hệ thống','1','2020-06-10 04:28:11','1','2020-06-10 04:28:11',NULL,'2020-06-10 04:28:11'),(238,1,'0','Login','admin@rbooks.vn','Đăng nhập vào hệ thống','1','2020-06-10 06:44:37','1','2020-06-10 06:44:37',NULL,'2020-06-10 06:44:37'),(239,2,'0','Login','a@lamians.com','Đăng nhập vào hệ thống','2','2020-06-10 06:51:35','2','2020-06-10 06:51:35',NULL,'2020-06-10 06:51:35'),(240,2,'0','Login','a@lamians.com','Đăng nhập vào hệ thống','2','2020-06-10 06:51:57','2','2020-06-10 06:51:57',NULL,'2020-06-10 06:51:57'),(241,2,'0','Login','a@lamians.com','Đăng nhập vào hệ thống','2','2020-06-10 06:52:22','2','2020-06-10 06:52:22',NULL,'2020-06-10 06:52:22'),(242,3,'0','Login','b@lamians.com','Đăng nhập vào hệ thống','3','2020-06-10 06:53:51','3','2020-06-10 06:53:51',NULL,'2020-06-10 06:53:51'),(243,1,'0','Login','admin@rbooks.vn','Đăng nhập vào hệ thống','1','2020-06-10 06:54:41','1','2020-06-10 06:54:41',NULL,'2020-06-10 06:54:41'),(244,1,'0','Login','admin@rbooks.vn','Đăng nhập vào hệ thống','1','2020-06-10 10:59:52','1','2020-06-10 10:59:52',NULL,'2020-06-10 10:59:52'),(245,2,'0','Login','a@lamians.com','Đăng nhập vào hệ thống','2','2020-06-11 03:12:42','2','2020-06-11 03:12:42',NULL,'2020-06-11 03:12:42'),(246,2,'0','Login','a@lamians.com','Đăng nhập vào hệ thống','2','2020-06-11 03:34:09','2','2020-06-11 03:34:09',NULL,'2020-06-11 03:34:09'),(247,2,'0','Login','a@lamians.com','Đăng nhập vào hệ thống','2','2020-06-11 03:36:16','2','2020-06-11 03:36:16',NULL,'2020-06-11 03:36:16'),(248,24,'0','Login','linhdh@gmail.com','Đăng nhập vào hệ thống','24','2020-06-11 06:50:17','24','2020-06-11 06:50:17',NULL,'2020-06-11 06:50:17'),(249,24,'0','Login','linhdh@gmail.com','Đăng nhập vào hệ thống','24','2020-06-11 06:51:33','24','2020-06-11 06:51:33',NULL,'2020-06-11 06:51:33'),(250,24,'0','Login','linhdh@gmail.com','Đăng nhập vào hệ thống','24','2020-06-11 06:52:58','24','2020-06-11 06:52:58',NULL,'2020-06-11 06:52:58'),(251,24,'0','Login','linhdh@gmail.com','Đăng nhập vào hệ thống','24','2020-06-11 06:55:34','24','2020-06-11 06:55:34',NULL,'2020-06-11 06:55:34'),(252,1,'0','Login','admin@rbooks.vn','Đăng nhập vào hệ thống','1','2020-06-11 07:02:28','1','2020-06-11 07:02:28',NULL,'2020-06-11 07:02:28'),(253,2,'0','Login','a@lamians.com','Đăng nhập vào hệ thống','2','2020-06-12 03:23:02','2','2020-06-12 03:23:02',NULL,'2020-06-12 03:23:02'),(254,1,'0','Login','admin@rbooks.vn','Đăng nhập vào hệ thống','1','2020-06-12 03:52:37','1','2020-06-12 03:52:37',NULL,'2020-06-12 03:52:37'),(255,2,'0','Login','a@lamians.com','Đăng nhập vào hệ thống','2','2020-06-12 03:57:37','2','2020-06-12 03:57:37',NULL,'2020-06-12 03:57:37'),(256,2,'0','Login','a@lamians.com','Đăng nhập vào hệ thống','2','2020-06-12 06:39:13','2','2020-06-12 06:39:13',NULL,'2020-06-12 06:39:13'),(257,1,'0','Login','admin@rbooks.vn','Đăng nhập vào hệ thống','1','2020-06-12 06:45:46','1','2020-06-12 06:45:46',NULL,'2020-06-12 06:45:46');
/*!40000 ALTER TABLE `operation_logs` ENABLE KEYS */;
UNLOCK TABLES;

--
-- Table structure for table `password_resets`
--

DROP TABLE IF EXISTS `password_resets`;
/*!40101 SET @saved_cs_client     = @@character_set_client */;
/*!40101 SET character_set_client = utf8 */;
CREATE TABLE `password_resets` (
  `email` varchar(255) COLLATE utf8mb4_unicode_ci NOT NULL,
  `token` varchar(255) COLLATE utf8mb4_unicode_ci NOT NULL,
  `created_at` timestamp NULL DEFAULT NULL,
  KEY `password_resets_email_index` (`email`)
) ENGINE=InnoDB DEFAULT CHARSET=utf8mb4 COLLATE=utf8mb4_unicode_ci;
/*!40101 SET character_set_client = @saved_cs_client */;

--
-- Dumping data for table `password_resets`
--

LOCK TABLES `password_resets` WRITE;
/*!40000 ALTER TABLE `password_resets` DISABLE KEYS */;
INSERT INTO `password_resets` VALUES ('linhdh@gmail.com','$2y$10$eQPBdCu0UIQcSXkpceQOxOXLtwnUmDQNJ4RLu0t3B3GwT9K7bXM3.','2020-06-11 03:10:58');
/*!40000 ALTER TABLE `password_resets` ENABLE KEYS */;
UNLOCK TABLES;

--
-- Table structure for table `role_user`
--

DROP TABLE IF EXISTS `role_user`;
/*!40101 SET @saved_cs_client     = @@character_set_client */;
/*!40101 SET character_set_client = utf8 */;
CREATE TABLE `role_user` (
  `user_id` int(10) unsigned NOT NULL,
  `role_id` int(10) unsigned NOT NULL
) ENGINE=InnoDB DEFAULT CHARSET=utf8mb4 COLLATE=utf8mb4_unicode_ci;
/*!40101 SET character_set_client = @saved_cs_client */;

--
-- Dumping data for table `role_user`
--

LOCK TABLES `role_user` WRITE;
/*!40000 ALTER TABLE `role_user` DISABLE KEYS */;
INSERT INTO `role_user` VALUES (1,2),(2,2),(3,2),(4,2),(5,2),(6,0),(6,4),(7,4),(8,4),(9,4);
/*!40000 ALTER TABLE `role_user` ENABLE KEYS */;
UNLOCK TABLES;

--
-- Table structure for table `roles`
--

DROP TABLE IF EXISTS `roles`;
/*!40101 SET @saved_cs_client     = @@character_set_client */;
/*!40101 SET character_set_client = utf8 */;
CREATE TABLE `roles` (
  `id` int(10) unsigned NOT NULL AUTO_INCREMENT,
  `name` varchar(255) COLLATE utf8mb4_unicode_ci NOT NULL,
  `display_name` varchar(255) COLLATE utf8mb4_unicode_ci DEFAULT NULL,
  `description` varchar(255) COLLATE utf8mb4_unicode_ci DEFAULT NULL,
  `created_at` timestamp NULL DEFAULT NULL,
  `updated_at` timestamp NULL DEFAULT NULL,
  PRIMARY KEY (`id`),
  UNIQUE KEY `roles_name_unique` (`name`)
) ENGINE=InnoDB AUTO_INCREMENT=9 DEFAULT CHARSET=utf8mb4 COLLATE=utf8mb4_unicode_ci;
/*!40101 SET character_set_client = @saved_cs_client */;

--
-- Dumping data for table `roles`
--

LOCK TABLES `roles` WRITE;
/*!40000 ALTER TABLE `roles` DISABLE KEYS */;
INSERT INTO `roles` VALUES (0,'customer','customer','khách hàng',NULL,NULL),(1,'owner','owner','sếp',NULL,NULL),(2,'admin','admin','nhân viên - quản trị viên',NULL,NULL),(3,'admin_hr','admin_hr','Nhân sự',NULL,NULL),(4,'nv','nv','nhân viên',NULL,NULL),(5,'account','account','Nhân viên kế toán',NULL,NULL),(6,'sales','sales','Nhân viên bán hàng',NULL,NULL),(7,'data','data','Nhân viên data',NULL,NULL),(8,'marketing','makerting','Nhân viên marketing',NULL,NULL);
/*!40000 ALTER TABLE `roles` ENABLE KEYS */;
UNLOCK TABLES;

--
-- Table structure for table `service_products`
--

DROP TABLE IF EXISTS `service_products`;
/*!40101 SET @saved_cs_client     = @@character_set_client */;
/*!40101 SET character_set_client = utf8 */;
CREATE TABLE `service_products` (
  `id` bigint(20) NOT NULL AUTO_INCREMENT,
  `code` varchar(20) COLLATE utf8_unicode_ci DEFAULT NULL,
  `name` varchar(300) COLLATE utf8_unicode_ci DEFAULT NULL,
  `price` int(10) unsigned DEFAULT NULL,
  `termtype` varchar(10) COLLATE utf8_unicode_ci DEFAULT NULL,
  `productdate` date DEFAULT '0000-00-00',
  `description` varchar(500) COLLATE utf8_unicode_ci DEFAULT NULL,
  `active` int(5) DEFAULT NULL,
  `created_user_id` varchar(20) COLLATE utf8_unicode_ci NOT NULL DEFAULT '',
  `created_at` timestamp NOT NULL DEFAULT '0000-00-00 00:00:00',
  `updated_user_id` varchar(20) COLLATE utf8_unicode_ci NOT NULL DEFAULT '',
  `updated_at` timestamp NOT NULL DEFAULT '0000-00-00 00:00:00',
  `deleted_at` timestamp NULL DEFAULT NULL,
  `insertpointoftime` timestamp NOT NULL DEFAULT current_timestamp(),
  PRIMARY KEY (`id`)
) ENGINE=InnoDB AUTO_INCREMENT=4 DEFAULT CHARSET=utf8 COLLATE=utf8_unicode_ci;
/*!40101 SET character_set_client = @saved_cs_client */;

--
-- Dumping data for table `service_products`
--

LOCK TABLES `service_products` WRITE;
/*!40000 ALTER TABLE `service_products` DISABLE KEYS */;
INSERT INTO `service_products` VALUES (1,'T01','Tháng',99000,'m','2020-04-01','',1,'','0000-00-00 00:00:00','','0000-00-00 00:00:00',NULL,'2020-04-29 08:39:42'),(2,'Q01','Quý',267000,'p','2020-04-01','',1,'','0000-00-00 00:00:00','','0000-00-00 00:00:00',NULL,'2020-04-29 08:39:42'),(3,'N01','Năm',950000,'y','2020-04-01','',1,'','0000-00-00 00:00:00','','0000-00-00 00:00:00',NULL,'2020-04-29 08:39:42');
/*!40000 ALTER TABLE `service_products` ENABLE KEYS */;
UNLOCK TABLES;

--
-- Table structure for table `tc_costs`
--

DROP TABLE IF EXISTS `tc_costs`;
/*!40101 SET @saved_cs_client     = @@character_set_client */;
/*!40101 SET character_set_client = utf8 */;
CREATE TABLE `tc_costs` (
  `id` int(11) NOT NULL AUTO_INCREMENT,
  `costcode` varchar(255) NOT NULL,
  `costdate` date NOT NULL,
  `costprices` int(11) NOT NULL,
  `methodpayment` int(11) NOT NULL,
  `content` varchar(255) NOT NULL,
  `note` text NOT NULL,
  `status` int(11) NOT NULL,
  `cashierid` int(11) NOT NULL,
  `created_user_id` int(11) NOT NULL,
  `updated_user_id` int(11) DEFAULT NULL,
  `created_at` timestamp NULL DEFAULT NULL,
  `updated_at` timestamp NULL DEFAULT NULL,
  `deleted_at` timestamp NULL DEFAULT NULL,
  PRIMARY KEY (`id`)
) ENGINE=InnoDB DEFAULT CHARSET=utf8mb4;
/*!40101 SET character_set_client = @saved_cs_client */;

--
-- Dumping data for table `tc_costs`
--

LOCK TABLES `tc_costs` WRITE;
/*!40000 ALTER TABLE `tc_costs` DISABLE KEYS */;
/*!40000 ALTER TABLE `tc_costs` ENABLE KEYS */;
UNLOCK TABLES;

--
-- Table structure for table `tc_revenues`
--

DROP TABLE IF EXISTS `tc_revenues`;
/*!40101 SET @saved_cs_client     = @@character_set_client */;
/*!40101 SET character_set_client = utf8 */;
CREATE TABLE `tc_revenues` (
  `id` int(11) NOT NULL AUTO_INCREMENT,
  `revenuesourcesid` int(11) NOT NULL,
  `revenuecode` varchar(255) NOT NULL,
  `revenuedate` varchar(255) NOT NULL,
  `methodpayment` int(11) NOT NULL,
  `customerid` int(11) NOT NULL,
  `content` varchar(255) NOT NULL,
  `note` text NOT NULL,
  `status` int(11) NOT NULL,
  `cashier` int(11) NOT NULL,
  `created_user_id` int(11) NOT NULL,
  `updated_user_id` int(11) NOT NULL,
  `created_at` timestamp NULL DEFAULT NULL,
  `updated_at` timestamp NULL DEFAULT NULL,
  `deleted_at` timestamp NULL DEFAULT NULL,
  PRIMARY KEY (`id`)
) ENGINE=InnoDB DEFAULT CHARSET=utf8mb4;
/*!40101 SET character_set_client = @saved_cs_client */;

--
-- Dumping data for table `tc_revenues`
--

LOCK TABLES `tc_revenues` WRITE;
/*!40000 ALTER TABLE `tc_revenues` DISABLE KEYS */;
/*!40000 ALTER TABLE `tc_revenues` ENABLE KEYS */;
UNLOCK TABLES;

--
-- Table structure for table `users`
--

DROP TABLE IF EXISTS `users`;
/*!40101 SET @saved_cs_client     = @@character_set_client */;
/*!40101 SET character_set_client = utf8 */;
CREATE TABLE `users` (
  `id` int(10) unsigned NOT NULL AUTO_INCREMENT,
  `name` varchar(255) COLLATE utf8mb4_unicode_ci NOT NULL,
  `email` varchar(255) COLLATE utf8mb4_unicode_ci NOT NULL,
  `password` varchar(255) COLLATE utf8mb4_unicode_ci NOT NULL,
  `remember_token` varchar(100) COLLATE utf8mb4_unicode_ci DEFAULT NULL,
  `role` varchar(100) COLLATE utf8mb4_unicode_ci DEFAULT NULL,
  `customer_id` int(20) DEFAULT NULL,
  `last_login_at` timestamp NULL DEFAULT NULL,
  `blocked` int(5) DEFAULT NULL,
  `begin_at` date DEFAULT NULL,
  `finish_at` date DEFAULT NULL,
  `updated_user_id` int(10) unsigned DEFAULT NULL,
  `deleted_at` timestamp NULL DEFAULT NULL,
  `created_at` timestamp NULL DEFAULT NULL,
  `updated_at` timestamp NULL DEFAULT NULL,
  PRIMARY KEY (`id`),
  UNIQUE KEY `users_email_unique` (`email`),
  KEY `users_updated_user_id_foreign` (`updated_user_id`)
) ENGINE=InnoDB AUTO_INCREMENT=26 DEFAULT CHARSET=utf8mb4 COLLATE=utf8mb4_unicode_ci;
/*!40101 SET character_set_client = @saved_cs_client */;

--
-- Dumping data for table `users`
--

LOCK TABLES `users` WRITE;
/*!40000 ALTER TABLE `users` DISABLE KEYS */;
INSERT INTO `users` VALUES (1,'admin-no_used','admin@rbooks.vn-no_used','$2y$10$Rl/jbWF.bLWjO60Bx3I0GuhIV5UEQzs4ttLulXmJk57MhBHlITnky','lYAd9kiCixFNbfmiwHKD5GRkIMV8veM9i1x2V7Rl0QpreCcgIy1uKQ9EavRt','HT',NULL,'2020-05-21 10:16:19',0,NULL,NULL,NULL,NULL,NULL,'2020-05-21 10:16:19'),(2,'Khách hàng tên A','a@lamians.com','$2y$10$xa/.fNqSqMHtd0LCsqMYluX58o.M8f9Wn.QHPW30mQ.MReEMj5RDi','KLV1Cvgb08Sjr7C2uxdalX6addBoy2CpphV11ko9F5xW5D0i3SVnvdxe69dc','KH',1,'2020-06-12 06:39:13',0,'2020-06-16','2020-07-31',NULL,NULL,'2019-09-12 05:06:41','2020-06-12 06:39:13'),(3,'Khách hàng B','b@lamians.com','$2y$10$xa/.fNqSqMHtd0LCsqMYluX58o.M8f9Wn.QHPW30mQ.MReEMj5RDi','8gbCSkXIc6VZS9vL6kfG8NkX4W1NQV386PhYdAofddfcWR1oSq9kBGMNN3YA','KH',NULL,'2020-06-10 06:53:51',0,NULL,NULL,NULL,NULL,'2019-10-18 11:36:21','2020-06-10 06:53:51'),(4,'Khách hàng C','c@lamians.com','$2y$10$xa/.fNqSqMHtd0LCsqMYluX58o.M8f9Wn.QHPW30mQ.MReEMj5RDi','8vjBBo4KiXfF0UZ4fdzw8FKbqrQDRGWzy2VGztR2W4dIylElSoHcjo3lQcQh','KH',NULL,'2020-05-20 07:50:33',0,'2020-07-15','2020-06-02',NULL,NULL,'2019-10-19 10:45:02','2020-06-10 08:55:52'),(5,'Khách hàng D','d@lamians.com','$2y$10$xa/.fNqSqMHtd0LCsqMYluX58o.M8f9Wn.QHPW30mQ.MReEMj5RDi',NULL,'KH',NULL,NULL,0,'2020-06-16','2020-06-01',NULL,NULL,'2019-11-26 07:02:52','2020-06-10 08:55:20'),(9,'Khách hàng E','e@lamians.com','$2y$10$LVHybm4v4nidLCxy01LWZuY8OVHLJLA9nW6I/iiC/v13YLUV3tTvK','xyEClvzjed4mvRldq1aWSFQbcYFPjc8AyjTHfhGR0QYOFpmqjtjQN67F6X7a','KH',NULL,NULL,0,NULL,NULL,NULL,NULL,'2020-02-26 10:35:41','2020-02-26 10:35:41'),(10,'Khách hàng F','f@lamians.com','$2y$10$2GcOqtDwvoFetT.5Q38XOujpZDkcIsYcDVSXyOUwck0zY5IDj2/S6',NULL,'KH',NULL,NULL,0,NULL,NULL,NULL,NULL,'2020-02-26 10:37:51','2020-02-26 10:37:51'),(11,'Khách hàng L','l@lamians.com','$2y$10$.wOHAWP3erRZljPPvum3cORTjJVnoMnk3NubpNXII4brgOBhbIyrO',NULL,'KH',4,NULL,0,NULL,NULL,NULL,NULL,'2020-03-04 07:12:00','2020-03-04 07:23:04'),(12,'Khách hàng G','g@lamians.com','$2y$10$xpRw2IZex1sdbNR/yDaKmOpV.zks6jDdZtB4jmVUD4v140xr2E.7i','4F4CF9OtesGjn2hxlY8S1QPjE1FQOU74Fb000YOrYNDKVAyfWk2vtZwO9bqT','KH',6,NULL,0,NULL,NULL,NULL,NULL,'2020-03-04 07:27:26','2020-03-04 07:30:33'),(13,'Truc Quyen','it5@lamians.com','$2y$10$3pfCbv9S444.BtkrqHUJH.yENVc9O4n.6qFTligpqgkTxk5gEW9Wu','ilVr3TGvWNR4NpwhONSfw50R2hj32acXGfHzbTBsWMxKN6aGCT7vjzME8iEV','KH',21,'2020-06-04 09:18:16',0,NULL,NULL,NULL,NULL,'2020-03-10 06:40:54','2020-06-04 09:18:16'),(14,'Phan Công','it4test@lamians.com','$2y$10$yNHX8Xbsqt3ft4oghIniRuih54wFqDmCTw/zWZxnwQNZb1OIEdXx6','gDPRZibo4Ee11q0zw2jM8QjzLGYz1JCKaXodY6ihqBvEJPEjgFHb2xw6J98V','KH',22,NULL,0,NULL,NULL,NULL,NULL,'2020-03-10 08:54:59','2020-06-04 06:58:43'),(15,'Phan Cong Test','kkimdasom95@gmail.com','$2y$10$LpnHyHMRmawJtxrCjtwIk.EpJBPjYNUxggnRe9ITS6oYSkv1N/Ie2',NULL,'KH',26,'2020-05-06 08:55:36',0,NULL,NULL,NULL,NULL,'2020-05-06 08:54:51','2020-05-06 08:55:36'),(17,'Linh','linhdaah@gmail.com','$2y$10$bipAzqVfh54k8fpC4BFteeUiME3pG1a6LTD0y3sJpXPhkYbiIFRkG',NULL,'KH',1,NULL,0,NULL,NULL,NULL,NULL,'2020-05-27 02:52:47','2020-05-27 03:15:59'),(18,'Cong','it4@lamians.com','$2y$10$UCTn/nvMKPQ1HnZ97BX6buv2Rdl9FCPFMKB9OO/L8.IUS1b.v3BXW','H0LvypJZMBJYODAaWdCwgDDfkdLxUeMwgFzJIqZ5cKfsp8mU2gpIWhQnfNNU','KH',86,'2020-06-04 08:28:52',0,NULL,NULL,NULL,NULL,'2020-06-04 06:59:13','2020-06-04 08:28:52'),(19,'Khách hàng tên C','ccc@lamians.com','$2y$10$HwsuzNfN0b80SF8CdXJxvOqpEgx6sk7.xBvcucmFy4Wwfn5DPIFVK',NULL,'KH',3,NULL,0,NULL,NULL,NULL,NULL,'2020-06-05 10:41:23','2020-06-05 10:41:44'),(20,'Khách hàng tên D','dd@lamians.com','$2y$10$f0LX3mas9jDZqBbsT4xsAO0cIPmMRFiT4AsU5B2ZOzufXQgscd8ae',NULL,'KH',4,NULL,0,NULL,NULL,NULL,NULL,'2020-06-05 10:42:11','2020-06-05 10:42:11'),(21,'Khách hàng tên D','dad@lamians.com','$2y$10$kYZvvy8mSPk55JdU.OvDoO8qT5nfVfQA3rOhTbpPbI3W7.kbDxwtC',NULL,'KH',4,NULL,0,NULL,NULL,NULL,NULL,'2020-06-10 02:45:56','2020-06-10 02:46:16'),(24,'aaa','linhdh@gmail.com','$2y$10$bmShlxh82wcgwIHBkxfZ6evd3vhYYFMRJpTB8MPZCkaC.xiyHKnR2','SwRWWuGCNI8Ko0jiMTc8V4W9pXrEfo3mPFfcyjXmKNw4k8xPWiEqDiC6cb4x','KH',89,'2020-06-11 06:55:34',0,'2020-06-10','2020-07-10',NULL,NULL,'2020-06-10 11:00:34','2020-06-11 06:55:34');
/*!40000 ALTER TABLE `users` ENABLE KEYS */;
UNLOCK TABLES;

--
-- Table structure for table `users_admin`
--

DROP TABLE IF EXISTS `users_admin`;
/*!40101 SET @saved_cs_client     = @@character_set_client */;
/*!40101 SET character_set_client = utf8 */;
CREATE TABLE `users_admin` (
  `id` int(10) unsigned NOT NULL AUTO_INCREMENT,
  `name` varchar(255) COLLATE utf8mb4_unicode_ci NOT NULL,
  `email` varchar(255) COLLATE utf8mb4_unicode_ci NOT NULL,
  `password` varchar(255) COLLATE utf8mb4_unicode_ci NOT NULL,
  `remember_token` varchar(100) COLLATE utf8mb4_unicode_ci DEFAULT NULL,
  `role` varchar(100) COLLATE utf8mb4_unicode_ci DEFAULT NULL,
  `customer_id` int(20) NOT NULL,
  `last_login_at` timestamp NULL DEFAULT NULL,
  `blocked` int(5) DEFAULT NULL,
  `begin_at` date DEFAULT NULL,
  `finish_at` date DEFAULT NULL,
  `updated_user_id` int(10) unsigned DEFAULT NULL,
  `deleted_at` timestamp NULL DEFAULT NULL,
  `created_at` timestamp NULL DEFAULT NULL,
  `updated_at` timestamp NULL DEFAULT NULL,
  PRIMARY KEY (`id`)
) ENGINE=InnoDB AUTO_INCREMENT=13 DEFAULT CHARSET=utf8mb4 COLLATE=utf8mb4_unicode_ci;
/*!40101 SET character_set_client = @saved_cs_client */;

--
-- Dumping data for table `users_admin`
--

LOCK TABLES `users_admin` WRITE;
/*!40000 ALTER TABLE `users_admin` DISABLE KEYS */;
INSERT INTO `users_admin` VALUES (1,'admin','admin@rbooks.vn','$2y$10$Rl/jbWF.bLWjO60Bx3I0GuhIV5UEQzs4ttLulXmJk57MhBHlITnky','VxadtE9Y99qLj5ACBpJgFYQWXZa64vlmOfRi32e4ksMnDF6RSD2S96IlQBYE','HT',0,'2020-06-12 06:45:46',0,NULL,NULL,NULL,NULL,NULL,'2020-06-12 06:45:46'),(2,'Phạm Thị Ngọc Châu','chaupham@lamians.com','$2y$10$PCBU0CGF6AxxDG4aMmgZyecZunRIRlAJsPJ7kbJ4AXoGUIAFnSW7G','A0pKZoNrmKD3Kvw2rnsMOTSkyuzhR1dT2PLceWpYfZfHerSRNVMvnDTYGs7C','GD',0,NULL,0,NULL,NULL,NULL,NULL,'2019-09-12 12:06:41','2020-02-03 08:10:44'),(3,'Diệp Hoàng Linh','it7@lamians.com','$2y$10$6MvS9jyXug9RJMHgTV3I7Or2pYxbwsCqoTtHPxHoQYOAiJZEi4ehu','GRPZPnuur71NZ1QlKszxLCEPSnsV5zxP2vaeeqQCqOiVyMWsRHty7F558ntc','KH',0,NULL,0,NULL,NULL,NULL,NULL,'2019-10-18 18:36:21','2020-02-14 03:23:07'),(4,'Phan Văn Công','it6@lamians.com','$2y$10$4irBc/KZV7PYGY8RA.GtkO6aYG8RIHt20iCz7iYoRxyT3X7FpdBxa','Vpejh3VHbU5fzfhxjb2Gr1diMHqChAxctKT7ftOuC7elsGD4XvjepG4bQ0vW','HT',0,NULL,0,NULL,NULL,NULL,NULL,'2019-10-19 17:45:02','2020-06-05 09:42:15'),(5,'Đỗ Trùng Dương','it3@lamians.com','$2y$10$JxwcDcr7yb0HKhjIIQHX3.PXAusrQR4VjLOo0bQsz4ecnb3qsEx/u',NULL,'BH',0,NULL,0,NULL,NULL,NULL,NULL,'2019-11-26 14:02:52','2020-02-11 11:10:57'),(6,'Nguyễn Thị Trúc Quyên - Quản trị','it5@lamians.com','$2y$10$09MirihuFR40HYIBZ/SYz.oYub9Zh8J6sjz22d6H7dzmBFJUueDc.','py0FyNT8njZxDK6L1oGuQJJiurGfNXK4KiZBdh3UW0y7upR1igUTQ9Y2MfYk','BH',0,'2020-06-04 08:30:36',0,NULL,NULL,NULL,NULL,'2020-02-26 08:42:36','2020-06-04 08:30:36'),(7,'Bán hàng 2','it10@lamians.com','$2y$10$PzFfZqboJnWgnqJOIEm7UuNKXp2nLfFeQnFzBwf213tzYnkptfB4y',NULL,'BH',0,NULL,0,NULL,NULL,NULL,NULL,'2020-02-26 10:12:44','2020-02-26 10:12:44'),(8,'Bán hàng 3','it11@lamians.com','$2y$10$qA6T4NSiGx.pYEjoH0PO0.dYkVib9dNc2To/yf2XtQITjWAAEyQy6',NULL,'BH',0,NULL,0,NULL,NULL,NULL,NULL,'2020-02-26 10:15:59','2020-02-26 10:15:59'),(9,'Bán hàng 4','it12@lamians.com','$2y$10$8SSjwKTSvnBOX9o98/23SuHgBLsb/yR26tDX2g.0eJTaB9.bxqNhq',NULL,'BH',0,NULL,0,NULL,NULL,NULL,NULL,'2020-02-26 10:27:19','2020-02-26 10:30:35'),(10,'Quyen Test II','quyentest1@gmail.com','$2y$10$R155gUJ9tBG7MZ2ScECtU.qZ71yPaE415eo3EwRNNrIV6nRBFXBSS',NULL,'KH',0,NULL,0,NULL,NULL,NULL,NULL,'2020-04-24 12:41:47','2020-04-24 12:41:47'),(11,'aaaa','aaaea@lamians.com','$2y$10$NdftRTeYNmDMMzwKdajZWOPmOy7ta9r9rm5p601sIjv6QFCcA7iAi',NULL,'BH',0,NULL,0,NULL,NULL,NULL,NULL,'2020-06-10 02:48:33','2020-06-10 02:48:59'),(12,'aaa','aaaaaaacswe@ac.com','$2y$10$5Cvc.9g9FIUz.4vzvkp.zuPUUlA75pvTBTuZGTxaTBxLUwwcoxBd2',NULL,'BH',0,NULL,0,'2020-06-01','2020-06-30',NULL,NULL,'2020-06-10 08:12:42','2020-06-10 08:13:03');
/*!40000 ALTER TABLE `users_admin` ENABLE KEYS */;
UNLOCK TABLES;
/*!40103 SET TIME_ZONE=@OLD_TIME_ZONE */;

/*!40101 SET SQL_MODE=@OLD_SQL_MODE */;
/*!40014 SET FOREIGN_KEY_CHECKS=@OLD_FOREIGN_KEY_CHECKS */;
/*!40014 SET UNIQUE_CHECKS=@OLD_UNIQUE_CHECKS */;
/*!40101 SET CHARACTER_SET_CLIENT=@OLD_CHARACTER_SET_CLIENT */;
/*!40101 SET CHARACTER_SET_RESULTS=@OLD_CHARACTER_SET_RESULTS */;
/*!40101 SET COLLATION_CONNECTION=@OLD_COLLATION_CONNECTION */;
/*!40111 SET SQL_NOTES=@OLD_SQL_NOTES */;

-- Dump completed on 2020-06-12 17:43:04
